 Destination Port, Flow Duration, Total Fwd Packets, Total Backward Packets,Total Length of Fwd Packets, Total Length of Bwd Packets, Fwd Packet Length Max, Fwd Packet Length Min, Fwd Packet Length Mean, Fwd Packet Length Std,Bwd Packet Length Max, Bwd Packet Length Min, Bwd Packet Length Mean, Bwd Packet Length Std,Flow Bytes/s, Flow Packets/s, Flow IAT Mean, Flow IAT Std, Flow IAT Max, Flow IAT Min,Fwd IAT Total, Fwd IAT Mean, Fwd IAT Std, Fwd IAT Max, Fwd IAT Min,Bwd IAT Total, Bwd IAT Mean, Bwd IAT Std, Bwd IAT Max, Bwd IAT Min,Fwd PSH Flags, Bwd PSH Flags, Fwd URG Flags, Bwd URG Flags, Fwd Header Length, Bwd Header Length,Fwd Packets/s, Bwd Packets/s, Min Packet Length, Max Packet Length, Packet Length Mean, Packet Length Std, Packet Length Variance,FIN Flag Count, SYN Flag Count, RST Flag Count, PSH Flag Count, ACK Flag Count, URG Flag Count, CWE Flag Count, ECE Flag Count, Down/Up Ratio, Average Packet Size, Avg Fwd Segment Size, Avg Bwd Segment Size, Fwd Header Length.1,Fwd Avg Bytes/Bulk, Fwd Avg Packets/Bulk, Fwd Avg Bulk Rate, Bwd Avg Bytes/Bulk, Bwd Avg Packets/Bulk,Bwd Avg Bulk Rate,Subflow Fwd Packets, Subflow Fwd Bytes, Subflow Bwd Packets, Subflow Bwd Bytes,Init_Win_bytes_forward, Init_Win_bytes_backward, act_data_pkt_fwd, min_seg_size_forward,Active Mean, Active Std, Active Max, Active Min,Idle Mean, Idle Std, Idle Max, Idle Min, Label
54865,3,2,0,12,0,6,6,6.0,0.0,0,0,0.0,0.0,4000000.0,666666.6667,3.0,0.0,3,3,3,3.0,0.0,3,3,0,0.0,0.0,0,0,0,0,0,0,40,0,666666.6667,0.0,6,6,6.0,0.0,0.0,0,0,0,0,1,0,0,0,0,9.0,6.0,0.0,40,0,0,0,0,0,0,2,12,0,0,33,-1,1,20,0.0,0.0,0,0,0.0,0.0,0,0,BENIGN
55054,109,1,1,6,6,6,6,6.0,0.0,6,6,6.0,0.0,110091.7431,18348.62385,109.0,0.0,109,109,0,0.0,0.0,0,0,0,0.0,0.0,0,0,0,0,0,0,20,20,9174.311927,9174.311927,6,6,6.0,0.0,0.0,0,0,0,0,1,1,0,0,1,9.0,6.0,6.0,20,0,0,0,0,0,0,1,6,1,6,29,256,0,20,0.0,0.0,0,0,0.0,0.0,0,0,BENIGN
55055,52,1,1,6,6,6,6,6.0,0.0,6,6,6.0,0.0,230769.2308,38461.53846,52.0,0.0,52,52,0,0.0,0.0,0,0,0,0.0,0.0,0,0,0,0,0,0,20,20,19230.76923,19230.76923,6,6,6.0,0.0,0.0,0,0,0,0,1,1,0,0,1,9.0,6.0,6.0,20,0,0,0,0,0,0,1,6,1,6,29,256,0,20,0.0,0.0,0,0,0.0,0.0,0,0,BENIGN
46236,34,1,1,6,6,6,6,6.0,0.0,6,6,6.0,0.0,352941.1765,58823.52941,34.0,0.0,34,34,0,0.0,0.0,0,0,0,0.0,0.0,0,0,0,0,0,0,20,20,29411.76471,29411.76471,6,6,6.0,0.0,0.0,0,0,0,0,1,1,0,0,1,9.0,6.0,6.0,20,0,0,0,0,0,0,1,6,1,6,31,329,0,20,0.0,0.0,0,0,0.0,0.0,0,0,BENIGN
54863,3,2,0,12,0,6,6,6.0,0.0,0,0,0.0,0.0,4000000.0,666666.6667,3.0,0.0,3,3,3,3.0,0.0,3,3,0,0.0,0.0,0,0,0,0,0,0,40,0,666666.6667,0.0,6,6,6.0,0.0,0.0,0,0,0,0,1,0,0,0,0,9.0,6.0,0.0,40,0,0,0,0,0,0,2,12,0,0,32,-1,1,20,0.0,0.0,0,0,0.0,0.0,0,0,BENIGN
54871,1022,2,0,12,0,6,6,6.0,0.0,0,0,0.0,0.0,11741.68297,1956.947162,1022.0,0.0,1022,1022,1022,1022.0,0.0,1022,1022,0,0.0,0.0,0,0,0,0,0,0,40,0,1956.947162,0.0,6,6,6.0,0.0,0.0,0,0,0,0,1,0,0,0,0,9.0,6.0,0.0,40,0,0,0,0,0,0,2,12,0,0,32,-1,1,20,0.0,0.0,0,0,0.0,0.0,0,0,BENIGN
54925,4,2,0,12,0,6,6,6.0,0.0,0,0,0.0,0.0,3000000.0,500000.0,4.0,0.0,4,4,4,4.0,0.0,4,4,0,0.0,0.0,0,0,0,0,0,0,40,0,500000.0,0.0,6,6,6.0,0.0,0.0,0,0,0,0,1,0,0,0,0,9.0,6.0,0.0,40,0,0,0,0,0,0,2,12,0,0,32,-1,1,20,0.0,0.0,0,0,0.0,0.0,0,0,BENIGN
54925,42,1,1,6,6,6,6,6.0,0.0,6,6,6.0,0.0,285714.2857,47619.04762,42.0,0.0,42,42,0,0.0,0.0,0,0,0,0.0,0.0,0,0,0,0,0,0,20,20,23809.52381,23809.52381,6,6,6.0,0.0,0.0,0,0,0,0,1,0,0,0,1,9.0,6.0,6.0,20,0,0,0,0,0,0,1,6,1,6,32,256,0,20,0.0,0.0,0,0,0.0,0.0,0,0,BENIGN
9282,4,2,0,12,0,6,6,6.0,0.0,0,0,0.0,0.0,3000000.0,500000.0,4.0,0.0,4,4,4,4.0,0.0,4,4,0,0.0,0.0,0,0,0,0,0,0,40,0,500000.0,0.0,6,6,6.0,0.0,0.0,0,0,0,0,1,0,0,0,0,9.0,6.0,0.0,40,0,0,0,0,0,0,2,12,0,0,32,-1,1,20,0.0,0.0,0,0,0.0,0.0,0,0,BENIGN
55153,4,2,0,37,0,31,6,18.5,17.67766953,0,0,0.0,0.0,9250000.0,500000.0,4.0,0.0,4,4,4,4.0,0.0,4,4,0,0.0,0.0,0,0,1,0,0,0,40,0,500000.0,0.0,6,31,22.66666667,14.43375673,208.3333333,0,1,0,0,1,0,0,0,0,34.0,18.5,0.0,40,0,0,0,0,0,0,2,37,0,0,946,-1,1,20,0.0,0.0,0,0,0.0,0.0,0,0,BENIGN
55143,3,2,0,37,0,31,6,18.5,17.67766953,0,0,0.0,0.0,12300000.0,666666.6667,3.0,0.0,3,3,3,3.0,0.0,3,3,0,0.0,0.0,0,0,1,0,0,0,40,0,666666.6667,0.0,6,31,22.66666667,14.43375673,208.3333333,0,1,0,0,1,0,0,0,0,34.0,18.5,0.0,40,0,0,0,0,0,0,2,37,0,0,980,-1,1,20,0.0,0.0,0,0,0.0,0.0,0,0,BENIGN
55144,1,2,0,37,0,31,6,18.5,17.67766953,0,0,0.0,0.0,37000000.0,2000000.0,1.0,0.0,1,1,1,1.0,0.0,1,1,0,0.0,0.0,0,0,1,0,0,0,40,0,2000000.0,0.0,6,31,22.66666667,14.43375673,208.3333333,0,1,0,0,1,0,0,0,0,34.0,18.5,0.0,40,0,0,0,0,0,0,2,37,0,0,980,-1,1,20,0.0,0.0,0,0,0.0,0.0,0,0,BENIGN
55145,4,2,0,37,0,31,6,18.5,17.67766953,0,0,0.0,0.0,9250000.0,500000.0,4.0,0.0,4,4,4,4.0,0.0,4,4,0,0.0,0.0,0,0,1,0,0,0,40,0,500000.0,0.0,6,31,22.66666667,14.43375673,208.3333333,0,1,0,0,1,0,0,0,0,34.0,18.5,0.0,40,0,0,0,0,0,0,2,37,0,0,980,-1,1,20,0.0,0.0,0,0,0.0,0.0,0,0,BENIGN
55254,3,3,0,43,0,31,6,14.33333333,14.43375673,0,0,0.0,0.0,14300000.0,1000000.0,1.5,0.707106781,2,1,3,1.5,0.707106781,2,1,0,0.0,0.0,0,0,0,0,0,0,60,0,1000000.0,0.0,6,31,12.25,12.5,156.25,0,0,0,0,1,0,0,0,0,16.33333333,14.33333333,0.0,60,0,0,0,0,0,0,3,43,0,0,946,-1,2,20,0.0,0.0,0,0,0.0,0.0,0,0,BENIGN
36206,54,1,1,0,0,0,0,0.0,0.0,0,0,0.0,0.0,0.0,37037.03704,54.0,0.0,54,54,0,0.0,0.0,0,0,0,0.0,0.0,0,0,0,0,0,0,32,32,18518.51852,18518.51852,0,0,0.0,0.0,0.0,0,0,0,0,1,1,0,0,1,0.0,0.0,0.0,32,0,0,0,0,0,0,1,0,1,0,939,1269,0,32,0.0,0.0,0,0,0.0,0.0,0,0,BENIGN
53524,1,2,0,0,0,0,0,0.0,0.0,0,0,0.0,0.0,0.0,2000000.0,1.0,0.0,1,1,1,1.0,0.0,1,1,0,0.0,0.0,0,0,0,0,0,0,64,0,2000000.0,0.0,0,0,0.0,0.0,0.0,0,0,0,0,1,0,0,0,0,0.0,0.0,0.0,64,0,0,0,0,0,0,2,0,0,0,130,-1,0,32,0.0,0.0,0,0,0.0,0.0,0,0,BENIGN
53524,154,1,1,0,0,0,0,0.0,0.0,0,0,0.0,0.0,0.0,12987.01299,154.0,0.0,154,154,0,0.0,0.0,0,0,0,0.0,0.0,0,0,0,0,0,0,32,32,6493.506494,6493.506494,0,0,0.0,0.0,0.0,0,0,0,0,1,0,0,0,1,0.0,0.0,0.0,32,0,0,0,0,0,0,1,0,1,0,130,65535,0,32,0.0,0.0,0,0,0.0,0.0,0,0,BENIGN
53526,1,2,0,0,0,0,0,0.0,0.0,0,0,0.0,0.0,0.0,2000000.0,1.0,0.0,1,1,1,1.0,0.0,1,1,0,0.0,0.0,0,0,0,0,0,0,64,0,2000000.0,0.0,0,0,0.0,0.0,0.0,0,0,0,0,1,0,0,0,0,0.0,0.0,0.0,64,0,0,0,0,0,0,2,0,0,0,130,-1,0,32,0.0,0.0,0,0,0.0,0.0,0,0,BENIGN
53526,118,1,1,0,0,0,0,0.0,0.0,0,0,0.0,0.0,0.0,16949.15254,118.0,0.0,118,118,0,0.0,0.0,0,0,0,0.0,0.0,0,0,0,0,0,0,32,32,8474.576271,8474.576271,0,0,0.0,0.0,0.0,0,0,0,0,1,0,0,0,1,0.0,0.0,0.0,32,0,0,0,0,0,0,1,0,1,0,130,65535,0,32,0.0,0.0,0,0,0.0,0.0,0,0,BENIGN
53527,239,1,1,0,0,0,0,0.0,0.0,0,0,0.0,0.0,0.0,8368.200837,239.0,0.0,239,239,0,0.0,0.0,0,0,0,0.0,0.0,0,0,0,0,0,0,32,32,4184.100418,4184.100418,0,0,0.0,0.0,0.0,0,0,0,0,1,0,0,0,1,0.0,0.0,0.0,32,0,0,0,0,0,0,1,0,1,0,130,65535,0,32,0.0,0.0,0,0,0.0,0.0,0,0,BENIGN
53528,1,3,0,0,0,0,0,0.0,0.0,0,0,0.0,0.0,0.0,3000000.0,0.5,0.707106781,1,0,1,0.5,0.707106781,1,0,0,0.0,0.0,0,0,0,0,0,0,96,0,3000000.0,0.0,0,0,0.0,0.0,0.0,0,0,0,0,1,0,0,0,0,0.0,0.0,0.0,96,0,0,0,0,0,0,3,0,0,0,130,-1,0,32,0.0,0.0,0,0,0.0,0.0,0,0,BENIGN
53527,1,2,0,0,0,0,0,0.0,0.0,0,0,0.0,0.0,0.0,2000000.0,1.0,0.0,1,1,1,1.0,0.0,1,1,0,0.0,0.0,0,0,0,0,0,0,64,0,2000000.0,0.0,0,0,0.0,0.0,0.0,0,0,0,0,1,0,0,0,0,0.0,0.0,0.0,64,0,0,0,0,0,0,2,0,0,0,130,-1,0,32,0.0,0.0,0,0,0.0,0.0,0,0,BENIGN
55035,4,2,0,248,0,217,31,124.0,131.5218613,0,0,0.0,0.0,62000000.0,500000.0,4.0,0.0,4,4,4,4.0,0.0,4,4,0,0.0,0.0,0,0,1,0,0,0,40,0,500000.0,0.0,31,217,155.0,107.3871501,11532.0,0,1,0,0,1,0,0,0,0,232.5,124.0,0.0,40,0,0,0,0,0,0,2,248,0,0,237,-1,1,20,0.0,0.0,0,0,0.0,0.0,0,0,BENIGN
55275,5,3,0,254,0,217,6,84.66666667,115.283708,0,0,0.0,0.0,50800000.0,600000.0,2.5,2.121320344,4,1,5,2.5,2.121320344,4,1,0,0.0,0.0,0,0,1,0,0,0,60,0,600000.0,0.0,6,217,117.75,115.0575943,13238.25,0,1,0,0,1,0,0,0,0,157.0,84.66666667,0.0,60,0,0,0,0,0,0,3,254,0,0,123,-1,2,20,0.0,0.0,0,0,0.0,0.0,0,0,BENIGN
55277,4,2,0,12,0,6,6,6.0,0.0,0,0,0.0,0.0,3000000.0,500000.0,4.0,0.0,4,4,4,4.0,0.0,4,4,0,0.0,0.0,0,0,0,0,0,0,40,0,500000.0,0.0,6,6,6.0,0.0,0.0,0,0,0,0,1,0,0,0,0,9.0,6.0,0.0,40,0,0,0,0,0,0,2,12,0,0,35095,-1,1,20,0.0,0.0,0,0,0.0,0.0,0,0,BENIGN
8850,4,3,0,43,0,31,6,14.33333333,14.43375673,0,0,0.0,0.0,10800000.0,750000.0,2.0,1.414213562,3,1,4,2.0,1.414213562,3,1,0,0.0,0.0,0,0,0,0,0,0,60,0,750000.0,0.0,6,31,12.25,12.5,156.25,0,0,0,0,1,0,0,0,0,16.33333333,14.33333333,0.0,60,0,0,0,0,0,0,3,43,0,0,65,-1,2,20,0.0,0.0,0,0,0.0,0.0,0,0,BENIGN
43248,54,1,1,0,0,0,0,0.0,0.0,0,0,0.0,0.0,0.0,37037.03704,54.0,0.0,54,54,0,0.0,0.0,0,0,0,0.0,0.0,0,0,0,0,0,0,32,32,18518.51852,18518.51852,0,0,0.0,0.0,0.0,0,0,0,0,1,1,0,0,1,0.0,0.0,0.0,32,0,0,0,0,0,0,1,0,1,0,59,439,0,32,0.0,0.0,0,0,0.0,0.0,0,0,BENIGN
8678,42,3,0,43,0,31,6,14.33333333,14.43375673,0,0,0.0,0.0,1023809.524,71428.57143,21.0,25.45584412,39,3,42,21.0,25.45584412,39,3,0,0.0,0.0,0,0,0,0,0,0,60,0,71428.57143,0.0,6,31,12.25,12.5,156.25,0,0,0,0,1,0,0,0,0,16.33333333,14.33333333,0.0,60,0,0,0,0,0,0,3,43,0,0,64,-1,2,20,0.0,0.0,0,0,0.0,0.0,0,0,BENIGN
55063,4,2,0,37,0,31,6,18.5,17.67766953,0,0,0.0,0.0,9250000.0,500000.0,4.0,0.0,4,4,4,4.0,0.0,4,4,0,0.0,0.0,0,0,1,0,0,0,40,0,500000.0,0.0,6,31,22.66666667,14.43375673,208.3333333,0,1,0,0,1,0,0,0,0,34.0,18.5,0.0,40,0,0,0,0,0,0,2,37,0,0,60,-1,1,20,0.0,0.0,0,0,0.0,0.0,0,0,BENIGN
55203,3,2,0,37,0,31,6,18.5,17.67766953,0,0,0.0,0.0,12300000.0,666666.6667,3.0,0.0,3,3,3,3.0,0.0,3,3,0,0.0,0.0,0,0,1,0,0,0,40,0,666666.6667,0.0,6,31,22.66666667,14.43375673,208.3333333,0,1,0,0,1,0,0,0,0,34.0,18.5,0.0,40,0,0,0,0,0,0,2,37,0,0,60,-1,1,20,0.0,0.0,0,0,0.0,0.0,0,0,BENIGN
55140,3,2,0,37,0,31,6,18.5,17.67766953,0,0,0.0,0.0,12300000.0,666666.6667,3.0,0.0,3,3,3,3.0,0.0,3,3,0,0.0,0.0,0,0,1,0,0,0,40,0,666666.6667,0.0,6,31,22.66666667,14.43375673,208.3333333,0,1,0,0,1,0,0,0,0,34.0,18.5,0.0,40,0,0,0,0,0,0,2,37,0,0,62,-1,1,20,0.0,0.0,0,0,0.0,0.0,0,0,BENIGN
55180,737,2,1,37,6,31,6,18.5,17.67766953,6,6,6.0,0.0,58344.64043,4070.556309,368.5,310.4198769,588,149,737,737.0,0.0,737,737,0,0.0,0.0,0,0,1,0,0,0,40,20,2713.704206,1356.852103,6,31,18.5,14.43375673,208.3333333,0,1,0,0,1,0,0,0,0,24.66666667,18.5,6.0,40,0,0,0,0,0,0,2,37,1,6,62,0,1,20,0.0,0.0,0,0,0.0,0.0,0,0,BENIGN
55156,3,2,0,37,0,31,6,18.5,17.67766953,0,0,0.0,0.0,12300000.0,666666.6667,3.0,0.0,3,3,3,3.0,0.0,3,3,0,0.0,0.0,0,0,1,0,0,0,40,0,666666.6667,0.0,6,31,22.66666667,14.43375673,208.3333333,0,1,0,0,1,0,0,0,0,34.0,18.5,0.0,40,0,0,0,0,0,0,2,37,0,0,62,-1,1,20,0.0,0.0,0,0,0.0,0.0,0,0,BENIGN
55096,3,2,0,37,0,31,6,18.5,17.67766953,0,0,0.0,0.0,12300000.0,666666.6667,3.0,0.0,3,3,3,3.0,0.0,3,3,0,0.0,0.0,0,0,1,0,0,0,40,0,666666.6667,0.0,6,31,22.66666667,14.43375673,208.3333333,0,1,0,0,1,0,0,0,0,34.0,18.5,0.0,40,0,0,0,0,0,0,2,37,0,0,60,-1,1,20,0.0,0.0,0,0,0.0,0.0,0,0,BENIGN
55085,3,2,0,37,0,31,6,18.5,17.67766953,0,0,0.0,0.0,12300000.0,666666.6667,3.0,0.0,3,3,3,3.0,0.0,3,3,0,0.0,0.0,0,0,1,0,0,0,40,0,666666.6667,0.0,6,31,22.66666667,14.43375673,208.3333333,0,1,0,0,1,0,0,0,0,34.0,18.5,0.0,40,0,0,0,0,0,0,2,37,0,0,62,-1,1,20,0.0,0.0,0,0,0.0,0.0,0,0,BENIGN
8689,276,3,0,43,0,31,6,14.33333333,14.43375673,0,0,0.0,0.0,155797.1014,10869.56522,138.0,192.3330445,274,2,276,138.0,192.3330445,274,2,0,0.0,0.0,0,0,0,0,0,0,60,0,10869.56522,0.0,6,31,12.25,12.5,156.25,0,0,0,0,1,0,0,0,0,16.33333333,14.33333333,0.0,60,0,0,0,0,0,0,3,43,0,0,62,-1,2,20,0.0,0.0,0,0,0.0,0.0,0,0,BENIGN
8817,3,2,0,12,0,6,6,6.0,0.0,0,0,0.0,0.0,4000000.0,666666.6667,3.0,0.0,3,3,3,3.0,0.0,3,3,0,0.0,0.0,0,0,0,0,0,0,40,0,666666.6667,0.0,6,6,6.0,0.0,0.0,0,0,0,0,1,0,0,0,0,9.0,6.0,0.0,40,0,0,0,0,0,0,2,12,0,0,40905,-1,1,20,0.0,0.0,0,0,0.0,0.0,0,0,BENIGN
8816,3,2,0,12,0,6,6,6.0,0.0,0,0,0.0,0.0,4000000.0,666666.6667,3.0,0.0,3,3,3,3.0,0.0,3,3,0,0.0,0.0,0,0,0,0,0,0,40,0,666666.6667,0.0,6,6,6.0,0.0,0.0,0,0,0,0,1,0,0,0,0,9.0,6.0,0.0,40,0,0,0,0,0,0,2,12,0,0,40905,-1,1,20,0.0,0.0,0,0,0.0,0.0,0,0,BENIGN
8886,1,2,0,12,0,6,6,6.0,0.0,0,0,0.0,0.0,12000000.0,2000000.0,1.0,0.0,1,1,1,1.0,0.0,1,1,0,0.0,0.0,0,0,0,0,0,0,40,0,2000000.0,0.0,6,6,6.0,0.0,0.0,0,0,0,0,1,0,0,0,0,9.0,6.0,0.0,40,0,0,0,0,0,0,2,12,0,0,5114,-1,1,20,0.0,0.0,0,0,0.0,0.0,0,0,BENIGN
60350,105,1,1,6,6,6,6,6.0,0.0,6,6,6.0,0.0,114285.7143,19047.61905,105.0,0.0,105,105,0,0.0,0.0,0,0,0,0.0,0.0,0,0,0,0,0,0,20,20,9523.809524,9523.809524,6,6,6.0,0.0,0.0,0,0,0,0,1,1,0,0,1,9.0,6.0,6.0,20,0,0,0,0,0,0,1,6,1,6,1024,274,0,20,0.0,0.0,0,0,0.0,0.0,0,0,BENIGN
60346,66,1,1,6,6,6,6,6.0,0.0,6,6,6.0,0.0,181818.1818,30303.0303,66.0,0.0,66,66,0,0.0,0.0,0,0,0,0.0,0.0,0,0,0,0,0,0,20,20,15151.51515,15151.51515,6,6,6.0,0.0,0.0,0,0,0,0,1,1,0,0,1,9.0,6.0,6.0,20,0,0,0,0,0,0,1,6,1,6,1024,274,0,20,0.0,0.0,0,0,0.0,0.0,0,0,BENIGN
60352,68,1,1,6,6,6,6,6.0,0.0,6,6,6.0,0.0,176470.5882,29411.76471,68.0,0.0,68,68,0,0.0,0.0,0,0,0,0.0,0.0,0,0,0,0,0,0,20,20,14705.88235,14705.88235,6,6,6.0,0.0,0.0,0,0,0,0,1,1,0,0,1,9.0,6.0,6.0,20,0,0,0,0,0,0,1,6,1,6,1024,320,0,20,0.0,0.0,0,0,0.0,0.0,0,0,BENIGN
8833,48,2,0,12,0,6,6,6.0,0.0,0,0,0.0,0.0,250000.0,41666.66667,48.0,0.0,48,48,48,48.0,0.0,48,48,0,0.0,0.0,0,0,0,0,0,0,40,0,41666.66667,0.0,6,6,6.0,0.0,0.0,0,0,0,0,1,0,0,0,0,9.0,6.0,0.0,40,0,0,0,0,0,0,2,12,0,0,23,-1,1,20,0.0,0.0,0,0,0.0,0.0,0,0,BENIGN
9331,3,2,0,12,0,6,6,6.0,0.0,0,0,0.0,0.0,4000000.0,666666.6667,3.0,0.0,3,3,3,3.0,0.0,3,3,0,0.0,0.0,0,0,0,0,0,0,40,0,666666.6667,0.0,6,6,6.0,0.0,0.0,0,0,0,0,1,0,0,0,0,9.0,6.0,0.0,40,0,0,0,0,0,0,2,12,0,0,360,-1,1,20,0.0,0.0,0,0,0.0,0.0,0,0,BENIGN
9175,3,2,0,12,0,6,6,6.0,0.0,0,0,0.0,0.0,4000000.0,666666.6667,3.0,0.0,3,3,3,3.0,0.0,3,3,0,0.0,0.0,0,0,0,0,0,0,40,0,666666.6667,0.0,6,6,6.0,0.0,0.0,0,0,0,0,1,0,0,0,0,9.0,6.0,0.0,40,0,0,0,0,0,0,2,12,0,0,385,-1,1,20,0.0,0.0,0,0,0.0,0.0,0,0,BENIGN
8693,16,1,1,6,6,6,6,6.0,0.0,6,6,6.0,0.0,750000.0,125000.0,16.0,0.0,16,16,0,0.0,0.0,0,0,0,0.0,0.0,0,0,0,0,0,0,20,20,62500.0,62500.0,6,6,6.0,0.0,0.0,0,0,0,0,1,1,0,0,1,9.0,6.0,6.0,20,0,0,0,0,0,0,1,6,1,6,351,258,0,20,0.0,0.0,0,0,0.0,0.0,0,0,BENIGN
8695,63,1,1,6,6,6,6,6.0,0.0,6,6,6.0,0.0,190476.1905,31746.03175,63.0,0.0,63,63,0,0.0,0.0,0,0,0,0.0,0.0,0,0,0,0,0,0,20,20,15873.01587,15873.01587,6,6,6.0,0.0,0.0,0,0,0,0,1,1,0,0,1,9.0,6.0,6.0,20,0,0,0,0,0,0,1,6,1,6,360,255,0,20,0.0,0.0,0,0,0.0,0.0,0,0,BENIGN
8690,17,1,1,6,6,6,6,6.0,0.0,6,6,6.0,0.0,705882.3529,117647.0588,17.0,0.0,17,17,0,0.0,0.0,0,0,0,0.0,0.0,0,0,0,0,0,0,20,20,58823.52941,58823.52941,6,6,6.0,0.0,0.0,0,0,0,0,1,1,0,0,1,9.0,6.0,6.0,20,0,0,0,0,0,0,1,6,1,6,360,255,0,20,0.0,0.0,0,0,0.0,0.0,0,0,BENIGN
8694,123,1,1,6,6,6,6,6.0,0.0,6,6,6.0,0.0,97560.97561,16260.1626,123.0,0.0,123,123,0,0.0,0.0,0,0,0,0.0,0.0,0,0,0,0,0,0,20,20,8130.081301,8130.081301,6,6,6.0,0.0,0.0,0,0,0,0,1,1,0,0,1,9.0,6.0,6.0,20,0,0,0,0,0,0,1,6,1,6,360,255,0,20,0.0,0.0,0,0,0.0,0.0,0,0,BENIGN
57683,4,2,0,12,0,6,6,6.0,0.0,0,0,0.0,0.0,3000000.0,500000.0,4.0,0.0,4,4,4,4.0,0.0,4,4,0,0.0,0.0,0,0,0,0,0,0,40,0,500000.0,0.0,6,6,6.0,0.0,0.0,0,0,0,0,1,0,0,0,0,9.0,6.0,0.0,40,0,0,0,0,0,0,2,12,0,0,360,-1,1,20,0.0,0.0,0,0,0.0,0.0,0,0,BENIGN
57662,4,2,0,12,0,6,6,6.0,0.0,0,0,0.0,0.0,3000000.0,500000.0,4.0,0.0,4,4,4,4.0,0.0,4,4,0,0.0,0.0,0,0,0,0,0,0,40,0,500000.0,0.0,6,6,6.0,0.0,0.0,0,0,0,0,1,0,0,0,0,9.0,6.0,0.0,40,0,0,0,0,0,0,2,12,0,0,360,-1,1,20,0.0,0.0,0,0,0.0,0.0,0,0,BENIGN
54864,49,2,0,12,0,6,6,6.0,0.0,0,0,0.0,0.0,244897.9592,40816.32653,49.0,0.0,49,49,49,49.0,0.0,49,49,0,0.0,0.0,0,0,0,0,0,0,40,0,40816.32653,0.0,6,6,6.0,0.0,0.0,0,0,0,0,1,0,0,0,0,9.0,6.0,0.0,40,0,0,0,0,0,0,2,12,0,0,351,-1,1,20,0.0,0.0,0,0,0.0,0.0,0,0,BENIGN
57680,3,2,0,12,0,6,6,6.0,0.0,0,0,0.0,0.0,4000000.0,666666.6667,3.0,0.0,3,3,3,3.0,0.0,3,3,0,0.0,0.0,0,0,0,0,0,0,40,0,666666.6667,0.0,6,6,6.0,0.0,0.0,0,0,0,0,1,0,0,0,0,9.0,6.0,0.0,40,0,0,0,0,0,0,2,12,0,0,377,-1,1,20,0.0,0.0,0,0,0.0,0.0,0,0,BENIGN
60954,46,1,1,0,0,0,0,0.0,0.0,0,0,0.0,0.0,0.0,43478.26087,46.0,0.0,46,46,0,0.0,0.0,0,0,0,0.0,0.0,0,0,0,0,0,0,32,32,21739.13043,21739.13043,0,0,0.0,0.0,0.0,0,0,0,0,1,1,0,0,1,0.0,0.0,0.0,32,0,0,0,0,0,0,1,0,1,0,340,229,0,32,0.0,0.0,0,0,0.0,0.0,0,0,BENIGN
57681,3,2,0,12,0,6,6,6.0,0.0,0,0,0.0,0.0,4000000.0,666666.6667,3.0,0.0,3,3,3,3.0,0.0,3,3,0,0.0,0.0,0,0,0,0,0,0,40,0,666666.6667,0.0,6,6,6.0,0.0,0.0,0,0,0,0,1,0,0,0,0,9.0,6.0,0.0,40,0,0,0,0,0,0,2,12,0,0,424,-1,1,20,0.0,0.0,0,0,0.0,0.0,0,0,BENIGN
55270,3,2,0,12,0,6,6,6.0,0.0,0,0,0.0,0.0,4000000.0,666666.6667,3.0,0.0,3,3,3,3.0,0.0,3,3,0,0.0,0.0,0,0,0,0,0,0,40,0,666666.6667,0.0,6,6,6.0,0.0,0.0,0,0,0,0,1,0,0,0,0,9.0,6.0,0.0,40,0,0,0,0,0,0,2,12,0,0,360,-1,1,20,0.0,0.0,0,0,0.0,0.0,0,0,BENIGN
55271,251170,3,0,18,0,6,6,6.0,0.0,0,0,0.0,0.0,71.66460963,11.9441016,125585.0,177598.3534,251166,4,251170,125585.0,177598.3534,251166,4,0,0.0,0.0,0,0,0,0,0,0,60,0,11.9441016,0.0,6,6,6.0,0.0,0.0,0,0,0,0,1,1,0,0,0,8.0,6.0,0.0,60,0,0,0,0,0,0,3,18,0,0,351,-1,2,20,0.0,0.0,0,0,0.0,0.0,0,0,BENIGN
57674,49,2,0,12,0,6,6,6.0,0.0,0,0,0.0,0.0,244897.9592,40816.32653,49.0,0.0,49,49,49,49.0,0.0,49,49,0,0.0,0.0,0,0,0,0,0,0,40,0,40816.32653,0.0,6,6,6.0,0.0,0.0,0,0,0,0,1,0,0,0,0,9.0,6.0,0.0,40,0,0,0,0,0,0,2,12,0,0,360,-1,1,20,0.0,0.0,0,0,0.0,0.0,0,0,BENIGN
50485,62,1,1,0,0,0,0,0.0,0.0,0,0,0.0,0.0,0.0,32258.06452,62.0,0.0,62,62,0,0.0,0.0,0,0,0,0.0,0.0,0,0,0,0,0,0,32,32,16129.03226,16129.03226,0,0,0.0,0.0,0.0,0,0,0,0,1,1,0,0,1,0.0,0.0,0.0,32,0,0,0,0,0,0,1,0,1,0,378,558,0,32,0.0,0.0,0,0,0.0,0.0,0,0,BENIGN
57686,175,2,1,12,6,6,6,6.0,0.0,6,6,6.0,0.0,102857.1429,17142.85714,87.5,23.33452378,104,71,175,175.0,0.0,175,175,0,0.0,0.0,0,0,0,0,0,0,40,20,11428.57143,5714.285714,6,6,6.0,0.0,0.0,0,0,0,0,1,0,0,0,0,8.0,6.0,6.0,40,0,0,0,0,0,0,2,12,1,6,360,255,1,20,0.0,0.0,0,0,0.0,0.0,0,0,BENIGN
33666,37,1,1,0,0,0,0,0.0,0.0,0,0,0.0,0.0,0.0,54054.05405,37.0,0.0,37,37,0,0.0,0.0,0,0,0,0.0,0.0,0,0,0,0,0,0,32,32,27027.02703,27027.02703,0,0,0.0,0.0,0.0,0,0,0,0,1,1,0,0,1,0.0,0.0,0.0,32,0,0,0,0,0,0,1,0,1,0,340,586,0,32,0.0,0.0,0,0,0.0,0.0,0,0,BENIGN
8883,3,2,0,12,0,6,6,6.0,0.0,0,0,0.0,0.0,4000000.0,666666.6667,3.0,0.0,3,3,3,3.0,0.0,3,3,0,0.0,0.0,0,0,0,0,0,0,40,0,666666.6667,0.0,6,6,6.0,0.0,0.0,0,0,0,0,1,0,0,0,0,9.0,6.0,0.0,40,0,0,0,0,0,0,2,12,0,0,40929,-1,1,20,0.0,0.0,0,0,0.0,0.0,0,0,BENIGN
8884,3,2,0,12,0,6,6,6.0,0.0,0,0,0.0,0.0,4000000.0,666666.6667,3.0,0.0,3,3,3,3.0,0.0,3,3,0,0.0,0.0,0,0,0,0,0,0,40,0,666666.6667,0.0,6,6,6.0,0.0,0.0,0,0,0,0,1,0,0,0,0,9.0,6.0,0.0,40,0,0,0,0,0,0,2,12,0,0,40929,-1,1,20,0.0,0.0,0,0,0.0,0.0,0,0,BENIGN
55245,96,1,1,6,6,6,6,6.0,0.0,6,6,6.0,0.0,125000.0,20833.33333,96.0,0.0,96,96,0,0.0,0.0,0,0,0,0.0,0.0,0,0,0,0,0,0,20,20,10416.66667,10416.66667,6,6,6.0,0.0,0.0,0,0,0,0,1,1,0,0,1,9.0,6.0,6.0,20,0,0,0,0,0,0,1,6,1,6,16384,256,0,20,0.0,0.0,0,0,0.0,0.0,0,0,BENIGN
55150,1,2,0,12,0,6,6,6.0,0.0,0,0,0.0,0.0,12000000.0,2000000.0,1.0,0.0,1,1,1,1.0,0.0,1,1,0,0.0,0.0,0,0,0,0,0,0,40,0,2000000.0,0.0,6,6,6.0,0.0,0.0,0,0,0,0,1,0,0,0,0,9.0,6.0,0.0,40,0,0,0,0,0,0,2,12,0,0,5574,-1,1,20,0.0,0.0,0,0,0.0,0.0,0,0,BENIGN
55043,0,2,0,12,0,6,6,6.0,0.0,0,0,0.0,0.0,inf,inf,0.0,0.0,0,0,0,0.0,0.0,0,0,0,0.0,0.0,0,0,0,0,0,0,40,0,0.0,0.0,6,6,6.0,0.0,0.0,0,0,0,0,1,0,0,0,0,9.0,6.0,0.0,40,0,0,0,0,0,0,2,12,0,0,4737,-1,1,20,0.0,0.0,0,0,0.0,0.0,0,0,BENIGN
55040,48,2,0,12,0,6,6,6.0,0.0,0,0,0.0,0.0,250000.0,41666.66667,48.0,0.0,48,48,48,48.0,0.0,48,48,0,0.0,0.0,0,0,0,0,0,0,40,0,41666.66667,0.0,6,6,6.0,0.0,0.0,0,0,0,0,1,0,0,0,0,9.0,6.0,0.0,40,0,0,0,0,0,0,2,12,0,0,4737,-1,1,20,0.0,0.0,0,0,0.0,0.0,0,0,BENIGN
55039,1,2,0,12,0,6,6,6.0,0.0,0,0,0.0,0.0,12000000.0,2000000.0,1.0,0.0,1,1,1,1.0,0.0,1,1,0,0.0,0.0,0,0,0,0,0,0,40,0,2000000.0,0.0,6,6,6.0,0.0,0.0,0,0,0,0,1,0,0,0,0,9.0,6.0,0.0,40,0,0,0,0,0,0,2,12,0,0,4737,-1,1,20,0.0,0.0,0,0,0.0,0.0,0,0,BENIGN
55043,999588,2,0,12,0,6,6,6.0,0.0,0,0,0.0,0.0,12.00494604,2.00082434,999588.0,0.0,999588,999588,999588,999588.0,0.0,999588,999588,0,0.0,0.0,0,0,0,0,0,0,40,0,2.00082434,0.0,6,6,6.0,0.0,0.0,0,0,0,0,1,0,0,0,0,9.0,6.0,0.0,40,0,0,0,0,0,0,2,12,0,0,4737,-1,1,20,0.0,0.0,0,0,0.0,0.0,0,0,BENIGN
55039,75,1,1,6,6,6,6,6.0,0.0,6,6,6.0,0.0,160000.0,26666.66667,75.0,0.0,75,75,0,0.0,0.0,0,0,0,0.0,0.0,0,0,0,0,0,0,20,20,13333.33333,13333.33333,6,6,6.0,0.0,0.0,0,0,0,0,1,0,0,0,1,9.0,6.0,6.0,20,0,0,0,0,0,0,1,6,1,6,4737,63668,0,20,0.0,0.0,0,0,0.0,0.0,0,0,BENIGN
55040,32,1,1,6,6,6,6,6.0,0.0,6,6,6.0,0.0,375000.0,62500.0,32.0,0.0,32,32,0,0.0,0.0,0,0,0,0.0,0.0,0,0,0,0,0,0,20,20,31250.0,31250.0,6,6,6.0,0.0,0.0,0,0,0,0,1,0,0,0,1,9.0,6.0,6.0,20,0,0,0,0,0,0,1,6,1,6,4737,64189,0,20,0.0,0.0,0,0,0.0,0.0,0,0,BENIGN
53,71693,2,2,74,176,37,37,37.0,0.0,88,88,88.0,0.0,3487.09079,55.79345264,23897.66667,41348.67743,71643,3,47,47.0,0.0,47,47,3,3.0,0.0,3,3,0,0,0,0,40,64,27.89672632,27.89672632,37,88,57.4,27.93385043,780.3,0,0,0,0,0,0,0,0,1,71.75,37.0,88.0,40,0,0,0,0,0,0,2,74,2,176,-1,-1,1,20,0.0,0.0,0,0,0.0,0.0,0,0,BENIGN
53,60738,2,2,74,200,37,37,37.0,0.0,100,100,100.0,0.0,4511.179163,65.85663012,20246.0,35061.90451,60732,2,2,2.0,0.0,2,2,4,4.0,0.0,4,4,0,0,0,0,40,40,32.92831506,32.92831506,37,100,62.2,34.50652112,1190.7,0,0,0,0,0,0,0,0,1,77.75,37.0,100.0,40,0,0,0,0,0,0,2,74,2,200,-1,-1,1,20,0.0,0.0,0,0,0.0,0.0,0,0,BENIGN
21,126188,20,25,176,440,43,0,8.8,12.68069399,52,0,17.6,16.1606518,4881.605224,356.6107712,2867.909091,12377.64297,70791,1,126117,6637.736842,26122.26872,114215,1,126048,5252.0,16545.2078,70791,1,0,0,0,0,656,816,158.4936761,198.1170951,0,52,13.39130435,15.17816891,230.3768116,0,0,0,1,0,0,0,0,1,13.68888889,8.8,17.6,656,0,0,0,0,0,0,20,176,25,440,29200,227,12,32,0.0,0.0,0,0,0.0,0.0,0,0,BENIGN
34805,8003,15,6,19897,0,2896,0,1326.466667,1136.570208,0,0,0.0,0.0,2486192.678,2624.015994,400.15,1445.918039,6454,1,8003,571.6428571,1718.054875,6454,2,6663,1332.6,2974.753318,6654,1,0,0,0,0,496,208,1874.297139,749.7188554,0,2896,904.4090909,1122.979992,1261084.063,0,0,0,1,0,0,0,0,0,947.4761905,1326.466667,0.0,496,0,0,0,0,0,0,15,19897,6,0,29200,362,10,32,0.0,0.0,0,0,0.0,0.0,0,0,BENIGN
34805,1,2,0,617,0,617,0,308.5,436.284884,0,0,0.0,0.0,617000000.0,2000000.0,1.0,0.0,1,1,1,1.0,0.0,1,1,0,0.0,0.0,0,0,1,0,0,0,64,0,2000000.0,0.0,0,617,411.3333333,356.2251161,126896.3333,0,1,0,0,1,0,0,0,0,617.0,308.5,0.0,64,0,0,0,0,0,0,2,617,0,0,229,-1,0,32,0.0,0.0,0,0,0.0,0.0,0,0,BENIGN
21,50,1,2,0,0,0,0,0.0,0.0,0,0,0.0,0.0,0.0,60000.0,25.0,32.52691193,48,2,0,0.0,0.0,0,0,48,48.0,0.0,48,48,0,0,0,0,32,64,20000.0,40000.0,0,0,0.0,0.0,0.0,0,0,0,0,1,1,0,0,2,0.0,0.0,0.0,32,0,0,0,0,0,0,1,0,2,0,229,227,0,32,0.0,0.0,0,0,0.0,0.0,0,0,BENIGN
139,75,3,1,4,4,4,0,1.333333333,2.309401077,4,4,4.0,0.0,106666.6667,53333.33333,25.0,22.5166605,48,3,75,37.5,48.7903679,72,3,0,0.0,0.0,0,0,1,0,0,0,96,32,40000.0,13333.33333,0,4,2.4,2.19089023,4.8,0,1,0,0,1,0,0,0,0,3.0,1.333333333,4.0,96,0,0,0,0,0,0,3,4,1,4,302,302,0,32,0.0,0.0,0,0,0.0,0.0,0,0,BENIGN
443,208,4,0,46,0,46,0,11.5,23.0,0,0,0.0,0.0,221153.8462,19230.76923,69.33333333,57.8388566,114,4,208,69.33333333,57.8388566,114,4,0,0.0,0.0,0,0,0,0,0,0,128,0,19230.76923,0.0,0,46,9.2,20.57182539,423.2,0,0,0,0,1,0,0,0,0,11.5,11.5,0.0,128,0,0,0,0,0,0,4,46,0,0,306,-1,1,32,0.0,0.0,0,0,0.0,0.0,0,0,BENIGN
443,514004,3,1,0,6,0,0,0.0,0.0,6,6,6.0,0.0,11.67306091,7.782040607,171334.6667,150308.8093,281013,2,514004,257002.0,363452.8855,514002,2,0,0.0,0.0,0,0,0,0,0,0,96,20,5.836530455,1.945510152,0,6,1.2,2.683281573,7.2,0,0,0,0,1,1,0,0,0,1.5,0.0,6.0,96,0,0,0,0,0,0,3,0,1,6,1444,0,0,32,0.0,0.0,0,0,0.0,0.0,0,0,BENIGN
80,60130920,5,3,216,1533,198,0,43.2,86.57482313,1527,0,511.0,879.8869246,29.08653318,0.133043033,8590131.429,22700000.0,60100000,28,60100000,15000000.0,30000000.0,60100000,29,25530,12765.0,15577.56239,23780,1750,0,0,0,0,112,72,0.083151896,0.049891138,0,1527,194.3333333,503.8834191,253898.5,0,0,0,1,0,0,0,0,0,218.625,43.2,511.0,112,0,0,0,0,0,0,5,216,3,1533,8192,946,4,20,0.0,0.0,0,0,0.0,0.0,0,0,BENIGN
80,60130912,5,3,213,1619,195,0,42.6,85.23379611,1613,0,539.6666667,929.5387745,30.46685871,0.133043051,8590130.286,22700000.0,60100000,35,60100000,15000000.0,30000000.0,60100000,35,26004,13002.0,15464.4253,23937,2067,0,0,0,0,112,72,0.083151907,0.049891144,0,1613,203.5555556,532.3326289,283378.0278,0,0,0,1,0,0,0,0,0,229.0,42.6,539.6666667,112,0,0,0,0,0,0,5,213,3,1619,8192,946,4,20,0.0,0.0,0,0,0.0,0.0,0,0,BENIGN
443,3895966,5,1,135,46,46,6,27.0,20.1246118,46,46,46.0,0.0,46.45831098,1.540054508,779193.2,1688277.785,3798981,4,3895966,973991.5,1883824.068,3798981,4,0,0.0,0.0,0,0,1,0,0,0,100,20,1.283378756,0.256675751,6,46,32.42857143,18.86670032,355.952381,0,1,0,0,1,0,0,0,0,37.83333333,27.0,46.0,100,0,0,0,0,0,0,5,135,1,46,258,360,4,20,0.0,0.0,0,0,0.0,0.0,0,0,BENIGN
443,3895242,5,1,135,46,46,6,27.0,20.1246118,46,46,46.0,0.0,46.46694608,1.540340754,779048.4,1688348.684,3798955,3,3895242,973810.5,1883931.983,3798955,3,0,0.0,0.0,0,0,1,0,0,0,100,20,1.283617295,0.256723459,6,46,32.42857143,18.86670032,355.952381,0,1,0,0,1,0,0,0,0,37.83333333,27.0,46.0,100,0,0,0,0,0,0,5,135,1,46,258,360,4,20,0.0,0.0,0,0,0.0,0.0,0,0,BENIGN
443,3896308,5,1,135,46,46,6,27.0,20.1246118,46,46,46.0,0.0,46.45423308,1.539919329,779261.6,1688253.409,3799007,3,3896308,974077.0,1883783.63,3799007,3,0,0.0,0.0,0,0,1,0,0,0,100,20,1.283266107,0.256653221,6,46,32.42857143,18.86670032,355.952381,0,1,0,0,1,0,0,0,0,37.83333333,27.0,46.0,100,0,0,0,0,0,0,5,135,1,46,257,424,4,20,0.0,0.0,0,0,0.0,0.0,0,0,BENIGN
443,3895052,5,1,135,46,46,6,27.0,20.1246118,46,46,46.0,0.0,46.46921273,1.540415892,779010.4,1688400.959,3799016,3,3895052,973763.0,1884005.155,3799016,3,0,0.0,0.0,0,0,1,0,0,0,100,20,1.28367991,0.256735982,6,46,32.42857143,18.86670032,355.952381,0,1,0,0,1,0,0,0,0,37.83333333,27.0,46.0,100,0,0,0,0,0,0,5,135,1,46,255,360,4,20,0.0,0.0,0,0,0.0,0.0,0,0,BENIGN
443,3896461,5,1,135,46,46,6,27.0,20.1246118,46,46,46.0,0.0,46.45240899,1.539858862,779292.2,1696821.776,3814476,49,3896461,974115.25,1893913.016,3814476,49,0,0.0,0.0,0,0,1,0,0,0,100,20,1.283215718,0.256643144,6,46,32.42857143,18.86670032,355.952381,0,1,0,0,1,0,0,0,0,37.83333333,27.0,46.0,100,0,0,0,0,0,0,5,135,1,46,255,360,4,20,0.0,0.0,0,0,0.0,0.0,0,0,BENIGN
53,31020664,8,4,372,452,52,41,46.5,5.879747322,157,69,113.0,50.80682369,26.56293882,0.386838915,2820060.364,9317725.506,30900000,1,31000000,4431065.714,11700000.0,30900000,1,31000000,10300000.0,17900000.0,31000000,3,0,0,0,0,184,128,0.25789261,0.128946305,41,157,67.38461538,40.8606136,1669.589744,0,0,0,0,0,0,0,0,0,73.0,46.5,113.0,184,0,0,0,0,0,0,8,372,4,452,-1,-1,7,20,46735.0,0.0,46735,46735,30900000.0,0.0,30900000,30900000,BENIGN
53,83718,4,2,184,300,46,46,46.0,0.0,150,150,150.0,0.0,5781.313457,71.66917509,16743.6,25063.96121,56230,1,27440,9146.666667,15839.02732,27436,1,48,48.0,0.0,48,48,0,0,0,0,80,64,47.77945006,23.88972503,46,150,75.71428571,50.74680379,2575.238095,0,0,0,0,0,0,0,0,0,88.33333333,46.0,150.0,80,0,0,0,0,0,0,4,184,2,300,-1,-1,3,20,0.0,0.0,0,0,0.0,0.0,0,0,BENIGN
445,10706606,29,24,8142,4220,3072,0,280.7586207,658.4197888,420,0,175.8333333,153.2748786,1154.614263,4.950214849,205896.2692,1092307.606,7114425,0,10700000,382378.7857,1477741.199,7114425,0,10700000,465499.4348,1637050.93,7176769,1,0,0,0,0,604,504,2.708608125,2.241606724,0,3072,228.9259259,492.9078084,242958.1076,0,0,0,1,0,0,0,0,0,233.245283,280.7586207,175.8333333,604,0,0,0,0,0,0,29,8142,24,4220,8192,2050,27,20,3591908.0,0.0,3591908,3591908,7114425.0,0.0,7114425,7114425,BENIGN
80,60166984,6,4,237,4593,213,0,39.5,85.03117076,2920,0,1148.25,1417.910758,80.27658491,0.16620411,6685220.444,20000000.0,60000000,23,60200000,12000000.0,26800000.0,60000000,23,86807,28935.66667,49181.27685,85724,207,0,0,0,0,132,92,0.099722466,0.066481644,0,2920,439.0909091,960.7303945,923002.8909,0,0,0,1,0,0,0,0,0,483.0,39.5,1148.25,132,0,0,0,0,0,0,6,237,4,4593,8192,946,5,20,0.0,0.0,0,0,0.0,0.0,0,0,BENIGN
53,24027,2,2,68,100,34,34,34.0,0.0,50,50,50.0,0.0,6992.133849,166.4793774,8009.0,13865.06671,24019,4,4,4.0,0.0,4,4,4,4.0,0.0,4,4,0,0,0,0,64,64,83.23968868,83.23968868,34,50,40.4,8.76356092,76.8,0,0,0,0,0,0,0,0,1,50.5,34.0,50.0,64,0,0,0,0,0,0,2,68,2,100,-1,-1,1,32,0.0,0.0,0,0,0.0,0.0,0,0,BENIGN
8080,1029807,3,3,0,18,0,0,0.0,0.0,6,6,6.0,0.0,17.47900335,5.826334449,205961.4,281152.7211,515080,524,1028984,514492.0,1630.588237,515645,513339,1029283,514641.5,1784.030409,515903,513380,0,0,0,0,92,60,2.913167225,2.913167225,0,6,2.571428571,3.207134903,10.28571429,0,0,0,1,0,0,0,0,1,3.0,0.0,6.0,92,0,0,0,0,0,0,3,0,3,18,8192,0,0,28,0.0,0.0,0,0,0.0,0.0,0,0,BENIGN
80,2979847,2,1,0,0,0,0,0.0,0.0,0,0,0.0,0.0,0.0,1.006763099,1489923.5,2085777.621,2964791,15056,2979847,2979847.0,0.0,2979847,2979847,0,0.0,0.0,0,0,0,0,0,0,64,32,0.671175399,0.3355877,0,0,0.0,0.0,0.0,0,0,0,0,1,0,0,0,0,0.0,0.0,0.0,64,0,0,0,0,0,0,2,0,1,0,437,63,0,32,0.0,0.0,0,0,0.0,0.0,0,0,BENIGN
80,28315,1,1,6,6,6,6,6.0,0.0,6,6,6.0,0.0,423.8036376,70.63393961,28315.0,0.0,28315,28315,0,0.0,0.0,0,0,0,0.0,0.0,0,0,0,0,0,0,20,20,35.3169698,35.3169698,6,6,6.0,0.0,0.0,0,0,0,0,1,1,0,0,1,9.0,6.0,6.0,20,0,0,0,0,0,0,1,6,1,6,274,1024,0,20,0.0,0.0,0,0,0.0,0.0,0,0,BENIGN
80,28466,1,1,6,6,6,6,6.0,0.0,6,6,6.0,0.0,421.5555399,70.25925666,28466.0,0.0,28466,28466,0,0.0,0.0,0,0,0,0.0,0.0,0,0,0,0,0,0,20,20,35.12962833,35.12962833,6,6,6.0,0.0,0.0,0,0,0,0,1,1,0,0,1,9.0,6.0,6.0,20,0,0,0,0,0,0,1,6,1,6,274,1024,0,20,0.0,0.0,0,0,0.0,0.0,0,0,BENIGN
443,101027175,14,12,1029,991,460,0,73.5,150.0403792,456,0,82.58333333,132.1083979,19.99462026,0.257356498,4041087.0,13900000.0,58500000,1,101000000,7771321.154,18900000.0,58600000,1,101000000,9176957.273,20300000.0,58600000,1,1,0,0,0,448,384,0.138576576,0.118779922,0,460,76.51851852,136.7390469,18697.56695,0,1,0,0,1,0,0,0,0,79.46153846,73.5,82.58333333,448,0,0,0,0,0,0,14,1029,12,991,428,407,5,32,1048172.0,1296391.188,1964859,131485,49400000.0,12900000.0,58500000,40300000,BENIGN
53,330,2,2,74,198,37,37,37.0,0.0,99,99,99.0,0.0,824242.4242,12121.21212,110.0,187.9281778,327,1,1,1.0,0.0,1,1,2,2.0,0.0,2,2,0,0,0,0,40,40,6060.606061,6060.606061,37,99,61.8,33.95879857,1153.2,0,0,0,0,0,0,0,0,1,77.25,37.0,99.0,40,0,0,0,0,0,0,2,74,2,198,-1,-1,1,20,0.0,0.0,0,0,0.0,0.0,0,0,BENIGN
53,221,2,2,74,106,37,37,37.0,0.0,53,53,53.0,0.0,814479.638,18099.54751,73.66666667,87.11677986,171,3,47,47.0,0.0,47,47,3,3.0,0.0,3,3,0,0,0,0,40,40,9049.773756,9049.773756,37,53,43.4,8.76356092,76.8,0,0,0,0,0,0,0,0,1,54.25,37.0,53.0,40,0,0,0,0,0,0,2,74,2,106,-1,-1,1,20,0.0,0.0,0,0,0.0,0.0,0,0,BENIGN
53,302,2,2,70,460,35,35,35.0,0.0,230,230,230.0,0.0,1754966.887,13245.03311,100.6666667,133.0613893,252,2,2,2.0,0.0,2,2,48,48.0,0.0,48,48,0,0,0,0,64,80,6622.516556,6622.516556,35,230,113.0,106.8058987,11407.5,0,0,0,0,0,0,0,0,1,141.25,35.0,230.0,64,0,0,0,0,0,0,2,70,2,460,-1,-1,1,32,0.0,0.0,0,0,0.0,0.0,0,0,BENIGN
80,1293792,3,7,26,11607,20,0,8.666666667,10.26320288,5840,0,1658.142857,2137.29708,8991.398927,7.72921768,143754.6667,430865.8067,1292730,2,747,373.5,523.9661249,744,3,1293746,215624.3333,527671.9348,1292730,2,0,0,0,0,72,152,2.318765304,5.410452376,0,5840,1057.545455,1853.437529,3435230.673,0,0,0,1,0,0,0,0,2,1163.3,8.666666667,1658.142857,72,0,0,0,0,0,0,3,26,7,11607,8192,229,2,20,0.0,0.0,0,0,0.0,0.0,0,0,DDoS
80,4421382,4,0,24,0,6,6,6.0,0.0,0,0,0.0,0.0,5.42816703,0.904694505,1473794.0,2552042.631,4420639,340,4421382,1473794.0,2552042.631,4420639,340,0,0.0,0.0,0,0,0,0,0,0,80,0,0.904694505,0.0,6,6,6.0,0.0,0.0,0,0,0,0,1,0,0,0,0,7.5,6.0,0.0,80,0,0,0,0,0,0,4,24,0,0,256,-1,3,20,0.0,0.0,0,0,0.0,0.0,0,0,DDoS
80,1083538,3,6,26,11601,20,0,8.666666667,10.26320288,4380,0,1933.5,1757.789948,10730.58813,8.306123089,135442.25,377725.315,1070206,41,12982,6491.0,8165.669109,12265,717,1083407,216681.4,477167.0977,1070206,41,0,0,0,0,72,132,2.768707696,5.537415393,0,4380,1162.7,1645.241762,2706820.456,0,0,0,1,0,0,0,0,2,1291.888889,8.666666667,1933.5,72,0,0,0,0,0,0,3,26,6,11601,8192,229,2,20,0.0,0.0,0,0,0.0,0.0,0,0,DDoS
80,80034360,8,4,56,11601,20,0,7.0,5.656854249,8760,0,2900.25,4128.319301,145.6499433,0.149935603,7275850.909,21100000.0,70600000,6,78700000,11200000.0,26300000.0,70600000,247,1354806,451602.0,777575.2592,1349464,190,0,0,0,0,172,92,0.099957068,0.049978534,0,8760,897.1538462,2488.507044,6192667.308,0,0,0,0,1,0,0,0,0,971.9166667,7.0,2900.25,172,0,0,0,0,0,0,8,56,4,11601,256,229,6,20,939.0,0.0,939,939,39300000.0,44200000.0,70600000,8072664,DDoS
80,642654,3,6,26,11607,20,0,8.666666667,10.26320288,5840,0,1934.5,2538.919278,18101.49785,14.0044254,80331.75,226824.6943,641694,3,801,400.5,540.9366876,783,18,642493,128498.6,286885.1169,641694,3,0,0,0,0,72,132,4.668141799,9.336283599,0,5840,1163.3,2138.329153,4572451.567,0,0,0,1,0,0,0,0,2,1292.555556,8.666666667,1934.5,72,0,0,0,0,0,0,3,26,6,11607,8192,229,2,20,0.0,0.0,0,0,0.0,0.0,0,0,DDoS
80,79731718,8,5,56,11601,20,0,7.0,5.656854249,5840,0,2320.2,2436.833027,146.2027947,0.163046781,6644309.833,20300000.0,70600000,44,78400000,11200000.0,26400000.0,70600000,183,1357061,339265.25,675686.8666,1352792,138,0,0,0,0,172,112,0.100336481,0.062710301,0,5840,833.0714286,1774.906302,3150292.379,0,0,0,0,1,0,0,0,0,897.1538462,7.0,2320.2,172,0,0,0,0,0,0,8,56,5,11601,256,229,6,20,911.0,0.0,911,911,39200000.0,44400000.0,70600000,7766504,DDoS
80,306157,3,6,26,11607,20,0,8.666666667,10.26320288,5840,0,1934.5,2538.919278,37996.84476,29.39668209,38269.625,107926.2565,305373,3,649,324.5,432.0422433,630,19,306140,61228.0,136481.48,305373,3,0,0,0,0,72,132,9.798894031,19.59778806,0,5840,1163.3,2138.329153,4572451.567,0,0,0,1,0,0,0,0,2,1292.555556,8.666666667,1934.5,72,0,0,0,0,0,0,3,26,6,11607,8192,229,2,20,0.0,0.0,0,0,0.0,0.0,0,0,DDoS
80,79780371,8,4,56,11607,20,0,7.0,5.656854249,11595,0,2901.75,5795.50069,146.1888414,0.150412938,7252761.0,21300000.0,71100000,60,78900000,11300000.0,26500000.0,71100000,60,908641,302880.3333,522433.2157,906133,191,0,0,0,0,172,92,0.100275292,0.050137646,0,11595,897.6153846,3214.167532,10300000.0,0,0,0,0,1,0,0,0,0,972.4166667,7.0,2901.75,172,0,0,0,0,0,0,8,56,4,11607,256,229,6,20,877.0,0.0,877,877,39400000.0,44800000.0,71100000,7755492,DDoS
80,682575,3,5,26,11607,20,0,8.666666667,10.26320288,10135,0,2321.4,4413.201989,17042.81581,11.72032377,97510.71429,257484.0143,681429,1,1047,523.5,738.9265863,1046,1,682523,170630.75,340532.4613,681429,4,0,0,0,0,72,112,4.395121415,7.325202359,0,10135,1292.555556,3350.634907,11200000.0,0,0,0,1,0,0,0,0,1,1454.125,8.666666667,2321.4,72,0,0,0,0,0,0,3,26,5,11607,8192,229,2,20,0.0,0.0,0,0,0.0,0.0,0,0,DDoS
80,79098660,8,6,56,11607,20,0,7.0,5.656854249,5840,0,1934.5,2538.919278,147.4487684,0.176994149,6084512.308,19600000.0,71100000,47,78200000,11200000.0,26600000.0,71100000,81,908504,181700.8,404872.5987,905957,47,0,0,0,0,172,132,0.101139514,0.075854635,0,5840,777.9333333,1804.898987,3257660.352,0,0,0,0,1,0,0,0,0,833.5,7.0,1934.5,172,0,0,0,0,0,0,8,56,6,11607,256,229,6,20,739.0,0.0,739,739,39100000.0,45300000.0,71100000,7073920,DDoS
80,670265,3,6,26,11607,20,0,8.666666667,10.26320288,4380,0,1934.5,2177.344966,17355.82195,13.42752493,83783.125,236570.5187,669265,3,868,434.0,609.5260454,865,3,670104,134020.8,299210.7799,669265,3,0,0,0,0,72,132,4.475841645,8.951683289,0,4380,1163.3,1903.962654,3625073.789,0,0,0,1,0,0,0,0,2,1292.555556,8.666666667,1934.5,72,0,0,0,0,0,0,3,26,6,11607,8192,229,2,20,0.0,0.0,0,0,0.0,0.0,0,0,DDoS
80,79099557,7,6,50,11607,20,0,7.142857143,6.094494002,4380,0,1934.5,2177.344966,147.3712425,0.164349846,6591629.75,20400000.0,71100000,17,78200000,13000000.0,28600000.0,71100000,216,908620,181724.0,404327.3646,905004,17,0,0,0,0,152,132,0.088496071,0.075853775,0,4380,833.0714286,1674.294362,2803261.61,0,0,0,0,1,0,0,0,0,897.1538462,7.142857143,1934.5,152,0,0,0,0,0,0,7,50,6,11607,256,229,5,20,888.0,0.0,888,888,39100000.0,45300000.0,71100000,7071788,DDoS
80,1270646,3,6,26,11607,20,0,8.666666667,10.26320288,5840,0,1934.5,2538.919278,9155.18563,7.083011319,158830.75,448864.6618,1269714,3,751,375.5,460.3265146,701,50,1270568,254113.6,567737.9625,1269714,3,0,0,0,0,72,132,2.361003773,4.722007546,0,5840,1163.3,2138.329153,4572451.567,0,0,0,1,0,0,0,0,2,1292.555556,8.666666667,1934.5,72,0,0,0,0,0,0,3,26,6,11607,8192,229,2,20,0.0,0.0,0,0,0.0,0.0,0,0,DDoS
80,77818286,8,6,56,11601,20,0,7.0,5.656854249,7300,0,1933.5,2720.783986,149.7976966,0.179906301,5986022.0,19600000.0,71100000,1,76900000,11000000.0,26600000.0,71100000,1,906052,181210.4,402410.616,901058,171,0,0,0,0,172,132,0.102803601,0.077102701,0,7300,777.5333333,1896.917457,3598295.838,0,0,0,0,1,0,0,0,0,833.0714286,7.0,1933.5,172,0,0,0,0,0,0,8,56,6,11601,256,229,6,20,891.0,0.0,891,891,38500000.0,46200000.0,71100000,5790338,DDoS
80,1281820,3,6,26,11607,20,0,8.666666667,10.26320288,5840,0,1934.5,2538.919278,9075.377198,7.021266637,160227.5,452919.5003,1281146,3,547,273.5,381.1305551,543,4,1281776,256355.2,572875.5212,1281146,3,0,0,0,0,72,132,2.340422212,4.680844424,0,5840,1163.3,2138.329153,4572451.567,0,0,0,1,0,0,0,0,2,1292.555556,8.666666667,1934.5,72,0,0,0,0,0,0,3,26,6,11607,8192,229,2,20,0.0,0.0,0,0,0.0,0.0,0,0,DDoS
80,77807512,8,6,56,11607,20,0,7.0,5.656854249,5840,0,1934.5,2538.919278,149.8955525,0.179931213,5985193.231,19600000.0,71100000,3,76900000,11000000.0,26600000.0,71100000,17,890011,178002.2,397582.9409,889220,3,0,0,0,0,172,132,0.102817836,0.077113377,0,5840,777.9333333,1804.898987,3257660.352,0,0,0,0,1,0,0,0,0,833.5,7.0,1934.5,172,0,0,0,0,0,0,8,56,6,11607,256,229,6,20,870.0,0.0,870,870,38500000.0,46200000.0,71100000,5777267,DDoS
80,13724,3,6,26,11601,20,0,8.666666667,10.26320288,4380,0,1933.5,1757.789948,847201.9819,655.7854853,1715.5,4102.197181,11845,15,12891,6445.5,7636.04613,11845,1046,13559,2711.8,5698.54356,12902,15,0,0,0,0,72,132,218.5951618,437.1903235,0,4380,1162.7,1645.241762,2706820.456,0,0,0,1,0,0,0,0,2,1291.888889,8.666666667,1933.5,72,0,0,0,0,0,0,3,26,6,11601,8192,229,2,20,0.0,0.0,0,0,0.0,0.0,0,0,DDoS
80,10453138,4,0,24,0,6,6,6.0,0.0,0,0,0.0,0.0,2.29596127,0.382660212,3484379.333,6034519.285,10500000,290,10500000,3484379.333,6034519.285,10500000,290,0,0.0,0.0,0,0,0,0,0,0,80,0,0.382660212,0.0,6,6,6.0,0.0,0.0,0,0,0,0,1,0,0,0,0,7.5,6.0,0.0,80,0,0,0,0,0,0,4,24,0,0,256,-1,3,20,696.0,0.0,696,696,10500000.0,0.0,10500000,10500000,DDoS
80,1632,3,6,26,11607,20,0,8.666666667,10.26320288,4380,0,1934.5,2177.344966,7128063.725,5514.705882,204.0,299.140674,875,3,1089,544.5,702.1570337,1041,48,1466,293.2,429.3334369,1005,3,0,0,0,0,72,132,1838.235294,3676.470588,0,4380,1163.3,1903.962654,3625073.789,0,0,0,1,0,0,0,0,2,1292.555556,8.666666667,1934.5,72,0,0,0,0,0,0,3,26,6,11607,8192,229,2,20,0.0,0.0,0,0,0.0,0.0,0,0,DDoS
80,10440135,5,0,30,0,6,6,6.0,0.0,0,0,0.0,0.0,2.873526061,0.47892101,2610033.75,5219274.167,10400000,326,10400000,2610033.75,5219274.167,10400000,326,0,0.0,0.0,0,0,0,0,0,0,100,0,0.47892101,0.0,6,6,6.0,0.0,0.0,0,0,0,0,1,0,0,0,0,7.2,6.0,0.0,100,0,0,0,0,0,0,5,30,0,0,256,-1,4,20,1190.0,0.0,1190,1190,10400000.0,0.0,10400000,10400000,DDoS
80,1604,3,6,26,11607,20,0,8.666666667,10.26320288,5840,0,1934.5,2538.919278,7252493.766,5610.972569,200.5,316.1279126,914,3,1050,525.0,738.2194796,1047,3,1471,294.2,432.603398,1011,3,0,0,0,0,72,132,1870.32419,3740.648379,0,5840,1163.3,2138.329153,4572451.567,0,0,0,1,0,0,0,0,2,1292.555556,8.666666667,1934.5,72,0,0,0,0,0,0,3,26,6,11607,8192,229,2,20,0.0,0.0,0,0,0.0,0.0,0,0,DDoS
80,10426959,4,0,24,0,6,6,6.0,0.0,0,0,0.0,0.0,2.301725748,0.383620958,3475653.0,6019338.148,10400000,371,10400000,3475653.0,6019338.148,10400000,371,0,0.0,0.0,0,0,0,0,0,0,80,0,0.383620958,0.0,6,6,6.0,0.0,0.0,0,0,0,0,1,0,0,0,0,7.5,6.0,0.0,80,0,0,0,0,0,0,4,24,0,0,256,-1,3,20,773.0,0.0,773,773,10400000.0,0.0,10400000,10400000,DDoS
80,1533,3,6,26,11607,20,0,8.666666667,10.26320288,5840,0,1934.5,2538.919278,7588388.78,5870.841487,191.625,308.6111458,890,2,993,496.5,697.914393,990,3,1433,286.6,420.5993343,984,2,0,0,0,0,72,132,1956.947162,3913.894325,0,5840,1163.3,2138.329153,4572451.567,0,0,0,1,0,0,0,0,2,1292.555556,8.666666667,1934.5,72,0,0,0,0,0,0,3,26,6,11607,8192,229,2,20,0.0,0.0,0,0,0.0,0.0,0,0,DDoS
80,10417544,4,0,24,0,6,6,6.0,0.0,0,0,0.0,0.0,2.303805964,0.383967661,3472514.667,6013823.587,10400000,349,10400000,3472514.667,6013823.587,10400000,349,0,0.0,0.0,0,0,0,0,0,0,80,0,0.383967661,0.0,6,6,6.0,0.0,0.0,0,0,0,0,1,0,0,0,0,7.5,6.0,0.0,80,0,0,0,0,0,0,4,24,0,0,256,-1,3,20,864.0,0.0,864,864,10400000.0,0.0,10400000,10400000,DDoS
80,1393,3,6,26,11607,20,0,8.666666667,10.26320288,4380,0,1934.5,2177.344966,8351040.919,6460.875808,174.125,295.8128933,874,3,950,475.0,666.0945879,946,4,1321,264.2,401.5161267,956,3,0,0,0,0,72,132,2153.625269,4307.250538,0,4380,1163.3,1903.962654,3625073.789,0,0,0,1,0,0,0,0,2,1292.555556,8.666666667,1934.5,72,0,0,0,0,0,0,3,26,6,11607,8192,229,2,20,0.0,0.0,0,0,0.0,0.0,0,0,DDoS
80,10414106,4,0,24,0,6,6,6.0,0.0,0,0,0.0,0.0,2.304566518,0.38409442,3471368.667,6011904.475,10400000,366,10400000,3471368.667,6011904.475,10400000,366,0,0.0,0.0,0,0,0,0,0,0,80,0,0.38409442,0.0,6,6,6.0,0.0,0.0,0,0,0,0,1,0,0,0,0,7.5,6.0,0.0,80,0,0,0,0,0,0,4,24,0,0,256,-1,3,20,788.0,0.0,788,788,10400000.0,0.0,10400000,10400000,DDoS
80,1590,3,6,26,11607,20,0,8.666666667,10.26320288,4380,0,1934.5,2177.344966,7316352.201,5660.377358,198.75,315.2054885,914,3,1046,523.0,733.9768389,1042,4,1462,292.4,430.1665956,1008,3,0,0,0,0,72,132,1886.792453,3773.584906,0,4380,1163.3,1903.962654,3625073.789,0,0,0,1,0,0,0,0,2,1292.555556,8.666666667,1934.5,72,0,0,0,0,0,0,3,26,6,11607,8192,229,2,20,0.0,0.0,0,0,0.0,0.0,0,0,DDoS
80,10403699,4,0,24,0,6,6,6.0,0.0,0,0,0.0,0.0,2.306871815,0.384478636,3467899.667,6005835.369,10400000,326,10400000,3467899.667,6005835.369,10400000,326,0,0.0,0.0,0,0,0,0,0,0,80,0,0.384478636,0.0,6,6,6.0,0.0,0.0,0,0,0,0,1,0,0,0,0,7.5,6.0,0.0,80,0,0,0,0,0,0,4,24,0,0,256,-1,3,20,858.0,0.0,858,858,10400000.0,0.0,10400000,10400000,DDoS
80,1217,3,6,26,11607,20,0,8.666666667,10.26320288,5840,0,1934.5,2538.919278,9558751.027,7395.234182,152.125,247.1456699,738,3,808,404.0,565.6854249,804,4,1151,230.2,339.8804201,818,3,0,0,0,0,72,132,2465.078061,4930.156122,0,5840,1163.3,2138.329153,4572451.567,0,0,0,1,0,0,0,0,2,1292.555556,8.666666667,1934.5,72,0,0,0,0,0,0,3,26,6,11607,8192,229,2,20,0.0,0.0,0,0,0.0,0.0,0,0,DDoS
80,10401308,4,0,24,0,6,6,6.0,0.0,0,0,0.0,0.0,2.307402108,0.384567018,3467102.667,6004532.866,10400000,367,10400000,3467102.667,6004532.866,10400000,367,0,0.0,0.0,0,0,0,0,0,0,80,0,0.384567018,0.0,6,6,6.0,0.0,0.0,0,0,0,0,1,0,0,0,0,7.5,6.0,0.0,80,0,0,0,0,0,0,4,24,0,0,256,-1,3,20,768.0,0.0,768,768,10400000.0,0.0,10400000,10400000,DDoS
53,283,2,2,70,460,35,35,35.0,0.0,230,230,230.0,0.0,1872791.519,14134.27562,94.33333333,156.461923,275,4,4,4.0,0.0,4,4,4,4.0,0.0,4,4,0,0,0,0,64,64,7067.137809,7067.137809,35,230,113.0,106.8058987,11407.5,0,0,0,0,0,0,0,0,1,141.25,35.0,230.0,64,0,0,0,0,0,0,2,70,2,460,-1,-1,1,32,0.0,0.0,0,0,0.0,0.0,0,0,BENIGN
53,166,2,2,70,302,35,35,35.0,0.0,151,151,151.0,0.0,2240963.855,24096.38554,55.33333333,90.64950818,160,2,4,4.0,0.0,4,4,2,2.0,0.0,2,2,0,0,0,0,64,64,12048.19277,12048.19277,35,151,81.4,63.53581667,4036.8,0,0,0,0,0,0,0,0,1,101.75,35.0,151.0,64,0,0,0,0,0,0,2,70,2,302,-1,-1,1,32,0.0,0.0,0,0,0.0,0.0,0,0,BENIGN
53,275,2,2,80,290,40,40,40.0,0.0,145,145,145.0,0.0,1345454.545,14545.45455,91.66666667,152.7099647,268,3,4,4.0,0.0,4,4,3,3.0,0.0,3,3,0,0,0,0,40,40,7272.727273,7272.727273,40,145,82.0,57.51086854,3307.5,0,0,0,0,0,0,0,0,1,102.5,40.0,145.0,40,0,0,0,0,0,0,2,80,2,290,-1,-1,1,20,0.0,0.0,0,0,0.0,0.0,0,0,BENIGN
53,266,2,2,80,326,40,40,40.0,0.0,163,163,163.0,0.0,1526315.789,15037.59398,88.66666667,150.9779233,263,1,1,1.0,0.0,1,1,2,2.0,0.0,2,2,0,0,0,0,40,40,7518.796992,7518.796992,40,163,89.2,67.36987457,4538.7,0,0,0,0,0,0,0,0,1,111.5,40.0,163.0,40,0,0,0,0,0,0,2,80,2,326,-1,-1,1,20,0.0,0.0,0,0,0.0,0.0,0,0,BENIGN
53,102033,2,2,64,196,32,32,32.0,0.0,98,98,98.0,0.0,2548.195192,39.20300295,34011.0,58898.38792,102021,1,1,1.0,0.0,1,1,11,11.0,0.0,11,11,0,0,0,0,40,64,19.60150148,19.60150148,32,98,58.4,36.1496888,1306.8,0,0,0,0,0,0,0,0,1,73.0,32.0,98.0,40,0,0,0,0,0,0,2,64,2,196,-1,-1,1,20,0.0,0.0,0,0,0.0,0.0,0,0,BENIGN
53,51453,2,2,64,204,32,32,32.0,0.0,102,102,102.0,0.0,5208.637009,77.74085087,17151.0,29701.20725,51447,3,3,3.0,0.0,3,3,3,3.0,0.0,3,3,0,0,0,0,40,40,38.87042544,38.87042544,32,102,60.0,38.34057903,1470.0,0,0,0,0,0,0,0,0,1,75.0,32.0,102.0,40,0,0,0,0,0,0,2,64,2,204,-1,-1,1,20,0.0,0.0,0,0,0.0,0.0,0,0,BENIGN
53,1140,2,2,72,246,36,36,36.0,0.0,123,123,123.0,0.0,278947.3684,3508.77193,380.0,644.3353164,1124,4,12,12.0,0.0,12,12,4,4.0,0.0,4,4,0,0,0,0,64,64,1754.385965,1754.385965,36,123,70.8,47.6518625,2270.7,0,0,0,0,0,0,0,0,1,88.5,36.0,123.0,64,0,0,0,0,0,0,2,72,2,246,-1,-1,1,32,0.0,0.0,0,0,0.0,0.0,0,0,BENIGN
53,293,2,2,72,328,36,36,36.0,0.0,164,164,164.0,0.0,1365187.713,13651.87713,97.66666667,163.9674764,287,3,3,3.0,0.0,3,3,3,3.0,0.0,3,3,0,0,0,0,64,64,6825.938567,6825.938567,36,164,87.2,70.10848736,4915.2,0,0,0,0,0,0,0,0,1,109.0,36.0,164.0,64,0,0,0,0,0,0,2,72,2,328,-1,-1,1,32,0.0,0.0,0,0,0.0,0.0,0,0,BENIGN
22,1333970,41,42,2664,6954,456,0,64.97560976,109.864573,976,0,165.5714286,320.4037958,7210.057198,62.22028981,16267.92683,105806.9064,951360,1,1333970,33349.25,159265.3306,994167,1,382495,9329.146341,23528.31491,120205,1,0,0,0,0,1328,1360,30.73532388,31.48496593,0,976,114.5,243.3458791,59217.21687,0,0,0,1,0,0,0,0,1,115.8795181,64.97560976,165.5714286,1328,0,0,0,0,0,0,41,2664,42,6954,29200,243,24,32,0.0,0.0,0,0,0.0,0.0,0,0,BENIGN
22,187,1,1,0,0,0,0,0.0,0.0,0,0,0.0,0.0,0.0,10695.18717,187.0,0.0,187,187,0,0.0,0.0,0,0,0,0.0,0.0,0,0,0,0,0,0,32,32,5347.593583,5347.593583,0,0,0.0,0.0,0.0,0,0,0,0,1,1,0,0,1,0.0,0.0,0.0,32,0,0,0,0,0,0,1,0,1,0,290,243,0,32,0.0,0.0,0,0,0.0,0.0,0,0,BENIGN
22,1335604,41,42,2728,6634,456,0,66.53658537,110.1299454,976,0,157.952381,319.1214275,7009.562715,62.14416848,16287.85366,106029.4368,955480,0,1335604,33390.1,159130.3309,997492,1,380063,9269.829268,21451.18193,98081,1,0,0,0,0,1328,1360,30.69772178,31.4464467,0,976,111.452381,241.6427915,58391.23867,0,0,0,1,0,0,0,0,1,112.7951807,66.53658537,157.952381,1328,0,0,0,0,0,0,41,2728,42,6634,29200,243,24,32,0.0,0.0,0,0,0.0,0.0,0,0,BENIGN
22,111,1,1,0,0,0,0,0.0,0.0,0,0,0.0,0.0,0.0,18018.01802,111.0,0.0,111,111,0,0.0,0.0,0,0,0,0.0,0.0,0,0,0,0,0,0,32,32,9009.009009,9009.009009,0,0,0.0,0.0,0.0,0,0,0,0,1,1,0,0,1,0.0,0.0,0.0,32,0,0,0,0,0,0,1,0,1,0,290,243,0,32,0.0,0.0,0,0,0.0,0.0,0,0,BENIGN
443,143347,47,60,1325,108751,570,0,28.19148936,110.2697559,2896,0,1812.516667,822.0897409,767898.8748,746.4404557,1352.330189,5067.810221,23061,1,143347,3116.23913,7502.019684,23823,1,120283,2038.694915,6167.670541,24538,1,0,0,0,0,1200,1928,327.8757142,418.5647415,0,2896,1019.222222,1082.537011,1171886.38,0,0,0,1,0,0,0,0,1,1028.747664,28.19148936,1812.516667,1200,0,0,0,0,0,0,47,1325,60,108751,29200,61,30,20,0.0,0.0,0,0,0.0,0.0,0,0,BENIGN
443,143899,46,58,1325,110185,570,0,28.80434783,111.4072847,4344,0,1899.741379,942.9987732,774918.5192,722.7291364,1397.07767,5193.055313,23360,1,143899,3197.755556,7655.879725,23883,2,120525,2114.473684,6287.286944,23836,2,0,0,0,0,1168,1864,319.6686565,403.0604799,0,4344,1062.0,1169.249973,1367145.5,0,0,0,1,0,0,0,0,1,1072.211538,28.80434783,1899.741379,1168,0,0,0,0,0,0,46,1325,58,110185,29200,61,30,20,0.0,0.0,0,0,0.0,0.0,0,0,BENIGN
443,142605,45,58,1325,108751,570,0,29.44444444,112.5805884,4344,0,1875.017241,973.725897,771894.3936,722.274815,1398.088235,5168.857742,23218,2,142557,3239.931818,7655.109026,23764,17,119443,2095.491228,6223.072915,23897,2,0,0,0,0,1136,1864,315.556958,406.717857,0,4344,1058.423077,1174.336455,1379066.111,0,0,0,1,0,0,0,0,1,1068.699029,29.44444444,1875.017241,1136,0,0,0,0,0,0,45,1325,58,108751,29200,61,30,20,0.0,0.0,0,0,0.0,0.0,0,0,BENIGN
443,142499,46,53,1313,100063,570,0,28.54347826,111.4687214,4344,0,1887.981132,961.4692781,711415.5187,694.7417175,1454.071429,5309.869504,23849,1,142473,3166.066667,7624.287098,23928,4,118650,2281.730769,6510.145009,23936,2,0,0,0,0,1192,1704,322.8092829,371.9324346,0,4344,1013.76,1166.938246,1361744.871,0,0,0,1,0,0,0,0,1,1024.0,28.54347826,1887.981132,1192,0,0,0,0,0,0,46,1313,53,100063,29200,61,28,20,0.0,0.0,0,0,0.0,0.0,0,0,BENIGN
443,23828,27,31,162,59368,6,6,6.0,0.0,2896,0,1915.096774,783.0897503,2498321.303,2434.11113,418.0350877,2482.025641,18821,0,23778,914.5384615,3661.433864,18861,1,23755,791.8333333,3408.112017,18833,1,0,0,0,0,540,992,1133.120698,1300.990431,0,2896,1009.084746,1114.299614,1241663.631,1,0,0,0,0,0,0,0,1,1026.482759,6.0,1915.096774,540,0,0,0,0,0,0,27,162,31,59368,0,61,26,20,0.0,0.0,0,0,0.0,0.0,0,0,BENIGN
443,119090,23,28,1169,45025,570,0,50.82608696,156.1373673,2896,0,1608.035714,902.027366,387891.5106,428.2475439,2381.8,6806.153122,23148,2,119090,5413.181818,9746.978426,23868,48,95911,3552.259259,8188.878934,23922,2,0,0,0,0,744,904,193.1312453,235.1162986,0,2896,888.3461538,1028.323762,1057449.76,0,0,0,1,0,0,0,0,1,905.7647059,50.82608696,1608.035714,744,0,0,0,0,0,0,23,1169,28,45025,29200,61,4,32,0.0,0.0,0,0,0.0,0.0,0,0,BENIGN
443,23841,26,31,156,59368,6,6,6.0,0.0,4344,0,1915.096774,867.7613864,2496707.353,2390.83931,425.7321429,2505.018203,18831,1,23841,953.64,3744.233209,18922,2,23731,791.0333333,3407.877279,18831,1,0,0,0,0,520,992,1090.558282,1300.281028,0,4344,1026.37931,1148.503005,1319059.152,1,0,0,0,0,0,0,0,1,1044.385965,6.0,1915.096774,520,0,0,0,0,0,0,26,156,31,59368,0,61,25,20,0.0,0.0,0,0,0.0,0.0,0,0,BENIGN
443,199037,47,63,1325,100049,570,0,28.19148936,110.2697559,2896,0,1588.079365,717.6696226,509322.3873,552.661063,1826.027523,7265.55705,56205,0,199037,4326.891304,10848.72606,56364,0,175945,2837.822581,9151.860339,56205,1,0,0,0,0,1200,2024,236.1369997,316.5240634,0,2896,913.2792793,947.8815919,898479.5122,0,0,0,1,0,0,0,0,1,921.5818182,28.19148936,1588.079365,1200,0,0,0,0,0,0,47,1325,63,100049,29200,61,30,20,0.0,0.0,0,0,0.0,0.0,0,0,BENIGN
443,142923,46,60,1307,95705,570,0,28.41304348,111.499193,2896,0,1595.083333,684.9206633,678771.0865,741.6580956,1361.171429,5126.950789,23762,0,142923,3176.066667,7623.537539,24433,1,119510,2025.59322,6174.904003,24171,1,0,0,0,0,1204,1928,321.8516264,419.8064692,0,2896,906.6542056,936.5510503,877127.8699,0,0,0,1,0,0,0,0,1,915.2075472,28.41304348,1595.083333,1204,0,0,0,0,0,0,46,1307,60,95705,29200,61,27,20,0.0,0.0,0,0,0.0,0.0,0,0,BENIGN
443,446800,23,28,1169,43577,570,0,50.82608696,156.1373673,2896,0,1556.321429,951.6832282,100147.7171,114.1450313,8936.0,38838.58757,267852,1,446800,20309.09091,69389.91842,327980,49,423469,15684.03704,56601.13305,291041,1,0,0,0,0,744,904,51.47717099,62.66786034,0,2896,860.5,1032.46861,1065991.431,0,0,0,1,0,0,0,0,1,877.372549,50.82608696,1556.321429,744,0,0,0,0,0,0,23,1169,28,43577,29200,61,4,32,0.0,0.0,0,0,0.0,0.0,0,0,BENIGN
443,141851,47,55,1325,98601,570,0,28.19148936,110.2697559,4344,0,1792.745455,917.957661,704443.3948,719.0643704,1404.465347,5197.681086,23292,0,141851,3083.717391,7494.006395,23901,2,118810,2200.185185,6392.140357,23944,1,0,0,0,0,1200,1768,331.3335824,387.7307879,0,4344,970.1553398,1111.09528,1234532.721,0,0,0,1,0,0,0,0,1,979.6666667,28.19148936,1792.745455,1200,0,0,0,0,0,0,47,1325,55,98601,29200,61,30,20,0.0,0.0,0,0,0.0,0.0,0,0,BENIGN
443,145376,51,60,1331,110185,570,0,26.09803922,106.0175938,4344,0,1836.416667,874.1511193,767086.7268,763.5373101,1321.6,5012.191246,23463,1,145375,2907.5,7232.486891,23660,1,121913,2066.322034,6298.043671,25145,1,0,0,0,0,1316,1928,350.8144398,412.7228703,0,4344,995.6785714,1110.930429,1234166.418,0,0,0,1,0,0,0,0,1,1004.648649,26.09803922,1836.416667,1316,0,0,0,0,0,0,51,1331,60,110185,29200,61,31,20,0.0,0.0,0,0,0.0,0.0,0,0,BENIGN
443,142904,47,56,1313,104393,570,0,27.93617021,110.3290344,4344,0,1864.160714,898.8648958,739699.3786,720.7635895,1401.019608,5170.506395,23140,1,142904,3106.608696,7519.826551,23913,48,119777,2177.763636,6363.229232,24312,1,0,0,0,0,1224,1800,328.8921234,391.8714662,0,4344,1016.403846,1132.91297,1283491.796,0,0,0,1,0,0,0,0,1,1026.271845,27.93617021,1864.160714,1224,0,0,0,0,0,0,47,1313,56,104393,29200,61,28,20,0.0,0.0,0,0,0.0,0.0,0,0,BENIGN
443,142508,50,59,1331,104393,570,0,26.62,107.0277267,2896,0,1769.372881,804.7193749,741881.1575,764.8693407,1319.518519,5030.679662,23584,1,142508,2908.326531,7297.818114,23790,1,119506,2060.448276,6192.453206,24045,1,0,0,0,0,1284,1896,350.8574957,414.0118449,0,2896,961.1272727,1054.705038,1112402.718,0,0,0,1,0,0,0,0,1,969.9449541,26.62,1769.372881,1284,0,0,0,0,0,0,50,1331,59,104393,29200,61,31,20,0.0,0.0,0,0,0.0,0.0,0,0,BENIGN
443,142561,48,59,1319,110185,570,0,27.47916667,109.1949242,4344,0,1867.542373,889.0918715,782149.3957,750.5559024,1344.915094,5060.556533,23171,0,142561,3033.212766,7421.5281,23989,1,119649,2062.913793,6177.081109,24041,1,0,0,0,0,1244,1896,336.6979749,413.8579275,0,4344,1032.444444,1131.941574,1281291.726,0,0,0,1,0,0,0,0,1,1042.093458,27.47916667,1867.542373,1244,0,0,0,0,0,0,48,1319,59,110185,29200,61,29,20,0.0,0.0,0,0,0.0,0.0,0,0,BENIGN
443,142389,52,60,1337,110185,570,0,25.71153846,105.010053,2896,0,1836.416667,832.505536,783220.614,786.5776148,1282.783784,4960.836844,23286,1,142389,2791.941176,7160.297852,23640,1,119083,2018.355932,6109.045559,24004,2,0,0,0,0,1336,1928,365.1967497,421.3808651,0,2896,986.920354,1092.874079,1194373.753,0,0,0,1,0,0,0,0,1,995.7321429,25.71153846,1836.416667,1336,0,0,0,0,0,0,52,1337,60,110185,29200,61,32,20,0.0,0.0,0,0,0.0,0.0,0,0,BENIGN
443,142403,45,58,1319,103922,570,0,29.31111111,112.6125341,4344,0,1791.758621,912.9122728,739036.3967,723.2993687,1396.107843,5167.892471,23065,1,142389,3236.113636,7668.684291,23811,1,119460,2095.789474,6235.578046,23854,1,0,0,0,0,1148,1864,316.0045786,407.2947901,0,4344,1011.932692,1113.933312,1240847.423,0,0,0,1,0,0,0,0,1,1021.757282,29.31111111,1791.758621,1148,0,0,0,0,0,0,45,1319,58,103922,29200,61,29,20,0.0,0.0,0,0,0.0,0.0,0,0,BENIGN
443,142089,45,55,1313,104393,570,0,29.17777778,112.6443092,4344,0,1898.054545,955.3575328,743942.1771,703.7842479,1435.242424,5235.340188,23062,1,142055,3228.522727,7631.283779,23741,1,119063,2204.87037,6386.462883,24044,2,0,0,0,0,1160,1768,316.7029116,387.0813363,0,4344,1046.594059,1172.156919,1373951.844,0,0,0,1,0,0,0,0,1,1057.06,29.17777778,1898.054545,1160,0,0,0,0,0,0,45,1313,55,104393,29200,61,28,20,0.0,0.0,0,0,0.0,0.0,0,0,BENIGN
443,142098,49,58,1325,104393,570,0,27.04081633,108.0950506,2896,0,1799.87931,822.5761859,743979.5071,753.0014497,1340.54717,5074.961667,23200,1,142062,2959.625,7351.531667,23913,1,118959,2087.0,6221.458887,23896,1,0,0,0,0,1264,1864,344.8324396,408.1690101,0,2896,978.8703704,1074.666956,1154909.067,0,0,0,1,0,0,0,0,1,988.0186916,27.04081633,1799.87931,1264,0,0,0,0,0,0,49,1325,58,104393,29200,61,30,20,0.0,0.0,0,0,0.0,0.0,0,0,BENIGN
443,128912,21,26,1169,43577,570,0,55.66666667,162.8920911,2896,0,1676.038462,968.0996842,347105.0019,364.5897977,2802.434783,7805.472794,31356,1,128912,6445.6,11123.03739,31455,2,105920,4236.8,9592.461541,31878,1,0,0,0,0,680,840,162.9018245,201.6879732,0,2896,932.2083333,1085.203284,1177666.168,0,0,0,1,0,0,0,0,1,952.0425532,55.66666667,1676.038462,680,0,0,0,0,0,0,21,1169,26,43577,29200,61,4,32,0.0,0.0,0,0,0.0,0.0,0,0,BENIGN
443,143215,50,61,1337,110185,570,0,26.74,107.0006313,4344,0,1806.311475,858.3705793,778703.3481,775.0584785,1301.954545,4974.84197,23242,1,143148,2921.387755,7298.487925,23858,1,120300,2005.0,6095.643326,24355,1,0,0,0,0,1272,1960,349.1254408,425.9330377,0,4344,995.7321429,1093.746154,1196280.648,0,0,0,1,0,0,0,0,1,1004.702703,26.74,1806.311475,1272,0,0,0,0,0,0,50,1337,61,110185,29200,61,32,20,0.0,0.0,0,0,0.0,0.0,0,0,BENIGN
443,185921,48,58,1337,105841,570,0,27.85416667,109.1083766,4344,0,1824.844828,956.8748071,576470.6515,570.1346271,1770.67619,6585.672561,44284,1,185921,3955.765957,9528.448754,44430,2,162838,2856.807018,8352.611485,44284,1,0,0,0,0,1208,1864,258.1741707,311.9604563,0,4344,1001.663551,1143.37138,1307298.112,0,0,0,1,0,0,0,0,1,1011.113208,27.85416667,1824.844828,1208,0,0,0,0,0,0,48,1337,58,105841,29200,61,32,20,0.0,0.0,0,0,0.0,0.0,0,0,BENIGN
443,131198,29,50,1169,92809,570,0,40.31034483,139.9780859,4344,0,1856.18,921.5378383,716306.651,602.1433254,1682.025641,5587.656726,24101,0,131198,4685.642857,8825.290033,24413,18,100738,2055.877551,6334.053759,24747,1,0,0,0,0,936,1608,221.0399549,381.1033705,0,4344,1174.725,1147.810364,1317468.632,0,0,0,1,0,0,0,0,1,1189.594937,40.31034483,1856.18,936,0,0,0,0,0,0,29,1169,50,92809,29200,61,4,32,0.0,0.0,0,0,0.0,0.0,0,0,BENIGN
443,187746,48,64,1331,100049,570,0,27.72916667,109.1373797,4344,0,1563.265625,739.1078973,539984.8732,596.5506589,1691.405405,6454.641398,44827,0,187746,3994.595745,9570.390305,44863,1,164235,2606.904762,8067.49879,45017,1,0,0,0,0,1220,2056,255.6645681,340.8860908,0,4344,897.1681416,947.0850477,896970.0875,0,0,0,1,0,0,0,0,1,905.1785714,27.72916667,1563.265625,1220,0,0,0,0,0,0,48,1331,64,100049,29200,61,31,20,0.0,0.0,0,0,0.0,0.0,0,0,BENIGN
443,188450,47,59,1325,100049,570,0,28.19148936,110.2697559,2896,0,1695.745763,808.7324819,537935.792,562.4834174,1794.761905,6733.367527,46328,1,188450,4096.73913,9847.506171,46506,1,165253,2849.189655,8495.447936,46328,1,0,0,0,0,1200,1896,249.4030247,313.0803927,0,2896,947.4205607,1028.579072,1057974.906,0,0,0,1,0,0,0,0,1,956.3584906,28.19148936,1695.745763,1200,0,0,0,0,0,0,47,1325,59,100049,29200,61,30,20,0.0,0.0,0,0,0.0,0.0,0,0,BENIGN
443,300724,49,65,1325,102959,570,0,27.04081633,108.0950506,2896,0,1583.984615,751.2528389,346776.4462,379.0851412,2661.274336,11511.58013,93217,0,300724,6265.083333,23320.8749,156187,1,276439,4319.359375,17135.83886,117306,1,0,0,0,0,1264,2088,162.9401045,216.1450366,0,2896,906.8173913,960.7927427,923122.6944,0,0,0,1,0,0,0,0,1,914.7719298,27.04081633,1583.984615,1264,0,0,0,0,0,0,49,1325,65,102959,29200,61,30,20,0.0,0.0,0,0,0.0,0.0,0,0,BENIGN
443,195652,49,60,1343,105841,570,0,27.40816327,108.0109791,2896,0,1764.016667,842.2550138,547829.8203,557.1116063,1811.592593,7080.294859,53333,1,195652,4076.083333,10329.92199,53412,1,172455,2922.966102,9048.251849,53378,1,0,0,0,0,1228,1928,250.4446671,306.6669393,0,2896,974.4,1069.66603,1144185.417,0,0,0,1,0,0,0,0,1,983.3394495,27.40816327,1764.016667,1228,0,0,0,0,0,0,49,1343,60,105841,29200,61,33,20,0.0,0.0,0,0,0.0,0.0,0,0,BENIGN
443,143173,51,58,1337,104393,570,0,26.21568627,105.9913796,2896,0,1799.87931,822.5761859,738477.2269,761.3167287,1325.675926,5048.135869,23638,1,143123,2862.46,7263.952321,24271,1,120199,2108.754386,6287.378068,24553,1,0,0,0,0,1304,1864,356.2124144,405.1043144,0,2896,961.1818182,1072.738955,1150768.866,0,0,0,1,0,0,0,0,1,970.0,26.21568627,1799.87931,1304,0,0,0,0,0,0,51,1337,58,104393,29200,61,32,20,0.0,0.0,0,0,0.0,0.0,0,0,BENIGN
443,142748,47,57,1325,108751,570,0,28.19148936,110.2697559,4344,0,1907.912281,909.4137492,771121.1365,728.5566173,1385.902913,5168.157484,23329,1,142714,3102.478261,7534.989767,23958,1,119745,2138.303571,6324.403523,24190,1,0,0,0,0,1200,1832,329.2515482,399.3050691,0,4344,1048.342857,1156.089794,1336543.612,0,0,0,1,0,0,0,0,1,1058.423077,28.19148936,1907.912281,1200,0,0,0,0,0,0,47,1325,57,108751,29200,61,30,20,0.0,0.0,0,0,0.0,0.0,0,0,BENIGN
443,142235,47,57,1319,101497,570,0,28.06382979,110.2994746,4344,0,1780.649123,861.2578942,722860.0555,731.1843077,1380.92233,5136.347739,23155,2,142113,3089.413043,7488.411941,23833,48,119085,2126.517857,6271.476138,24042,2,0,0,0,0,1212,1832,330.4390621,400.7452455,0,4344,979.2,1083.923681,1174890.546,0,0,0,1,0,0,0,0,1,988.6153846,28.06382979,1780.649123,1212,0,0,0,0,0,0,47,1319,57,101497,29200,61,29,20,0.0,0.0,0,0,0.0,0.0,0,0,BENIGN
443,152597,42,51,1283,95705,570,0,30.54761905,116.5816373,4344,0,1876.568627,968.15082,635582.613,609.4484164,1658.663043,5994.383936,33492,2,152597,3721.878049,8696.723818,33562,48,119066,2381.32,6666.824301,24063,2,0,0,0,0,1124,1640,275.2347687,334.2136477,0,4344,1031.787234,1168.531179,1365465.116,0,0,0,1,0,0,0,0,1,1042.88172,30.54761905,1876.568627,1124,0,0,0,0,0,0,42,1283,51,95705,29200,61,23,20,0.0,0.0,0,0,0.0,0.0,0,0,BENIGN
443,142263,47,58,1331,104393,570,0,28.31914894,110.239878,4344,0,1799.87931,866.1409487,743158.7974,738.0696316,1367.913462,5131.621368,23191,0,142263,3092.673913,7502.339733,23772,2,119294,2092.877193,6249.868422,23908,1,0,0,0,0,1188,1864,330.3740256,407.695606,0,4344,997.3962264,1094.593699,1198135.365,0,0,0,1,0,0,0,0,1,1006.895238,28.31914894,1799.87931,1188,0,0,0,0,0,0,47,1331,58,104393,29200,61,31,20,0.0,0.0,0,0,0.0,0.0,0,0,BENIGN
443,142478,49,57,1325,104393,570,0,27.04081633,108.0950506,2896,0,1831.45614,839.483346,741995.2554,743.9745083,1356.933333,5113.686675,23402,2,142418,2967.041667,7364.968432,23858,48,119519,2134.267857,6318.395244,24145,2,0,0,0,0,1264,1832,343.9127444,400.0617639,0,2896,988.0186916,1093.727985,1196240.905,0,0,0,1,0,0,0,0,1,997.3396226,27.04081633,1831.45614,1264,0,0,0,0,0,0,49,1325,57,104393,29200,61,30,20,0.0,0.0,0,0,0.0,0.0,0,0,BENIGN
443,125417,29,55,1169,98601,570,0,40.31034483,139.9780859,4344,0,1792.745455,874.6373898,795506.1913,669.7656618,1511.048193,5384.793514,23215,0,125417,4479.178571,8721.979601,23575,89,99847,1849.018519,6008.928729,24179,1,0,0,0,0,936,1768,231.2286213,438.5370404,0,4344,1173.764706,1099.595333,1209109.896,0,0,0,1,0,0,0,0,1,1187.738095,40.31034483,1792.745455,936,0,0,0,0,0,0,29,1169,55,98601,29200,61,4,32,0.0,0.0,0,0,0.0,0.0,0,0,BENIGN
443,188411,43,59,1313,105841,570,0,30.53488372,115.1109917,4344,0,1793.915254,1014.181856,568724.756,541.3696653,1865.455446,6809.690942,45552,0,188411,4485.97619,10163.53124,45610,1,165211,2848.465517,8450.637267,45743,1,0,0,0,0,1096,1896,228.2244667,313.1451985,0,4344,1040.330097,1165.886134,1359290.478,0,0,0,1,0,0,0,0,1,1050.529412,30.53488372,1793.915254,1096,0,0,0,0,0,0,43,1313,59,105841,29200,61,28,20,0.0,0.0,0,0,0.0,0.0,0,0,BENIGN
443,141785,44,55,1313,93786,570,0,29.84090909,113.8577127,2896,0,1705.2,792.8637593,670726.8047,698.2402934,1446.785714,5267.632333,23051,1,141785,3297.325581,7763.76187,23895,1,118889,2201.648148,6402.558325,23805,1,0,0,0,0,1128,1768,310.3290193,387.9112741,0,2896,950.99,1025.08183,1050792.757,0,0,0,1,0,0,0,0,1,960.5959596,29.84090909,1705.2,1128,0,0,0,0,0,0,44,1313,55,93786,29200,61,28,20,0.0,0.0,0,0,0.0,0.0,0,0,BENIGN
443,155181,78,106,1457,215903,570,0,18.67948718,86.05819438,4344,0,2036.820755,908.0408088,1400686.94,1185.712168,847.9836066,3831.64699,24081,0,155155,2015.0,5797.194251,24372,3,131946,1256.628571,4736.887828,24893,2,0,0,0,0,1928,3400,502.638854,683.0733144,0,4344,1174.918919,1214.829823,1475811.499,0,0,0,1,0,0,0,0,1,1181.304348,18.67948718,2036.820755,1928,0,0,0,0,0,0,78,1457,106,215903,29200,61,52,20,0.0,0.0,0,0,0.0,0.0,0,0,BENIGN
443,200946,47,56,1325,100049,570,0,28.19148936,110.2697559,2896,0,1786.589286,867.873237,504483.7917,512.5755178,1970.058824,7689.718094,58772,1,200946,4368.391304,11135.47365,58883,1,177806,3232.836364,9923.359922,58772,1,0,0,0,0,1200,1800,233.8936829,278.6818349,0,2896,974.75,1088.131334,1184029.801,0,0,0,1,0,0,0,0,1,984.2135922,28.19148936,1786.589286,1200,0,0,0,0,0,0,47,1325,56,100049,29200,61,30,20,0.0,0.0,0,0,0.0,0.0,0,0,BENIGN
80,658536,3,6,26,11607,20,0,8.666666667,10.26320288,4380,0,1934.5,2177.344966,17664.94163,13.66667881,82317.0,232330.4161,657305,2,1023,511.5,696.5001795,1004,19,658404,131680.8,293833.1862,657305,2,0,0,0,0,72,132,4.555559605,9.11111921,0,4380,1163.3,1903.962654,3625073.789,0,0,0,1,0,0,0,0,2,1292.555556,8.666666667,1934.5,72,0,0,0,0,0,0,3,26,6,11607,8192,229,2,20,0.0,0.0,0,0,0.0,0.0,0,0,DDoS
80,9733523,4,0,24,0,6,6,6.0,0.0,0,0,0.0,0.0,2.465705377,0.410950896,3244507.667,5619037.247,9732813,273,9733523,3244507.667,5619037.247,9732813,273,0,0.0,0.0,0,0,0,0,0,0,80,0,0.410950896,0.0,6,6,6.0,0.0,0.0,0,0,0,0,1,0,0,0,0,7.5,6.0,0.0,80,0,0,0,0,0,0,4,24,0,0,256,-1,3,20,710.0,0.0,710,710,9732813.0,0.0,9732813,9732813,DDoS
80,1655458,3,6,26,11607,20,0,8.666666667,10.26320288,5840,0,1934.5,2538.919278,7027.058373,5.436561967,206932.25,584828.1901,1654308,3,1024,512.0,654.7808794,975,49,1655351,331070.2,739712.5339,1654308,3,0,0,0,0,72,132,1.812187322,3.624374644,0,5840,1163.3,2138.329153,4572451.567,0,0,0,1,0,0,0,0,2,1292.555556,8.666666667,1934.5,72,0,0,0,0,0,0,3,26,6,11607,8192,229,2,20,0.0,0.0,0,0,0.0,0.0,0,0,DDoS
80,8734350,4,0,24,0,6,6,6.0,0.0,0,0,0.0,0.0,2.747771729,0.457961955,2911450.0,5042191.293,8733671,276,8734350,2911450.0,5042191.293,8733671,276,0,0.0,0.0,0,0,0,0,0,0,80,0,0.457961955,0.0,6,6,6.0,0.0,0.0,0,0,0,0,1,0,0,0,0,7.5,6.0,0.0,80,0,0,0,0,0,0,4,24,0,0,256,-1,3,20,679.0,0.0,679,679,8733671.0,0.0,8733671,8733671,DDoS
80,1271648,3,6,26,11607,20,0,8.666666667,10.26320288,5840,0,1934.5,2538.919278,9147.971766,7.077430232,158956.0,449121.5979,1270475,3,1049,524.5,672.4585489,1000,49,1271544,254308.8,568054.334,1270475,3,0,0,0,0,72,132,2.359143411,4.718286822,0,5840,1163.3,2138.329153,4572451.567,0,0,0,1,0,0,0,0,2,1292.555556,8.666666667,1934.5,72,0,0,0,0,0,0,3,26,6,11607,8192,229,2,20,0.0,0.0,0,0,0.0,0.0,0,0,DDoS
80,8452090,4,0,24,0,6,6,6.0,0.0,0,0,0.0,0.0,2.839534364,0.473255727,2817363.333,4879135.741,8451304,353,8452090,2817363.333,4879135.741,8451304,353,0,0.0,0.0,0,0,0,0,0,0,80,0,0.473255727,0.0,6,6,6.0,0.0,0.0,0,0,0,0,1,0,0,0,0,7.5,6.0,0.0,80,0,0,0,0,0,0,4,24,0,0,256,-1,3,20,786.0,0.0,786,786,8451304.0,0.0,8451304,8451304,DDoS
80,283381,3,5,26,11607,20,0,8.666666667,10.26320288,7215,0,2321.4,3327.769794,41050.74088,28.23054474,40483.0,106561.2077,282140,4,1002,501.0,702.8641405,998,4,283300,70825.0,140877.3297,282140,5,0,0,0,0,72,112,10.58645428,17.64409046,0,7215,1292.555556,2650.585648,7025604.278,0,0,0,1,0,0,0,0,1,1454.125,8.666666667,2321.4,72,0,0,0,0,0,0,3,26,5,11607,8192,229,2,20,0.0,0.0,0,0,0.0,0.0,0,0,DDoS
80,8439207,4,0,24,0,6,6,6.0,0.0,0,0,0.0,0.0,2.843869098,0.473978183,2813069.0,4871796.466,8438535,191,8439207,2813069.0,4871796.466,8438535,191,0,0.0,0.0,0,0,0,0,0,0,80,0,0.473978183,0.0,6,6,6.0,0.0,0.0,0,0,0,0,1,0,0,0,0,7.5,6.0,0.0,80,0,0,0,0,0,0,4,24,0,0,256,-1,3,20,672.0,0.0,672,672,8438535.0,0.0,8438535,8438535,DDoS
80,53148,3,6,26,11607,20,0,8.666666667,10.26320288,5840,0,1934.5,2538.919278,218879.3558,169.3384511,6643.5,18316.82448,51969,2,1039,519.5,730.441305,1036,3,53023,10604.6,23127.22444,51969,2,0,0,0,0,72,132,56.44615037,112.8923007,0,5840,1163.3,2138.329153,4572451.567,0,0,0,1,0,0,0,0,2,1292.555556,8.666666667,1934.5,72,0,0,0,0,0,0,3,26,6,11607,8192,229,2,20,0.0,0.0,0,0,0.0,0.0,0,0,DDoS
80,8424013,4,0,24,0,6,6,6.0,0.0,0,0,0.0,0.0,2.848998452,0.474833075,2808004.333,4862967.913,8423276,317,8424013,2808004.333,4862967.913,8423276,317,0,0.0,0.0,0,0,0,0,0,0,80,0,0.474833075,0.0,6,6,6.0,0.0,0.0,0,0,0,0,1,0,0,0,0,7.5,6.0,0.0,80,0,0,0,0,0,0,4,24,0,0,256,-1,3,20,737.0,0.0,737,737,8423276.0,0.0,8423276,8423276,DDoS
443,142298,45,55,1301,104393,570,0,28.91111111,112.7073488,4344,0,1898.054545,955.3575328,742765.1829,702.7505657,1437.353535,5230.061348,23124,1,142148,3230.636364,7649.805296,23812,1,119347,2210.12963,6376.940341,23925,2,0,0,0,0,1184,1768,316.2377546,386.5128111,0,4344,1046.475248,1172.263747,1374202.292,0,0,0,1,0,0,0,0,1,1056.94,28.91111111,1898.054545,1184,0,0,0,0,0,0,45,1301,55,104393,29200,61,26,20,0.0,0.0,0,0,0.0,0.0,0,0,BENIGN
443,196861,44,58,1319,105841,570,0,29.97727273,113.8247303,4344,0,1824.844828,917.6278304,544343.4708,518.132083,1949.118812,7331.503092,53463,1,196861,4578.162791,10916.58671,53544,1,173811,3049.315789,9233.245779,53504,1,0,0,0,0,1116,1864,223.5079574,294.6241257,0,4344,1040.38835,1130.019801,1276944.75,0,0,0,1,0,0,0,0,1,1050.588235,29.97727273,1824.844828,1116,0,0,0,0,0,0,44,1319,58,105841,29200,61,29,20,0.0,0.0,0,0,0.0,0.0,0,0,BENIGN
443,197144,45,56,1313,100049,570,0,29.17777778,112.6443092,4344,0,1786.589286,910.740214,514152.0919,512.3158706,1971.44,7503.869585,55285,1,197144,4480.545455,10950.83004,55361,48,174147,3166.309091,9570.501587,55285,1,0,0,0,0,1160,1800,228.2595463,284.0563243,0,4344,993.745098,1109.074725,1230046.746,0,0,0,1,0,0,0,0,1,1003.584158,29.17777778,1786.589286,1160,0,0,0,0,0,0,45,1313,56,100049,29200,61,28,20,0.0,0.0,0,0,0.0,0.0,0,0,BENIGN
443,142230,53,61,1343,110185,570,0,25.33962264,104.0306803,2896,0,1806.311475,816.6455278,784138.3674,801.5186669,1258.672566,4920.129921,23192,1,142230,2735.192308,7081.999776,23550,1,119255,1987.583333,6092.427526,24030,1,0,0,0,0,1356,1960,372.6358715,428.8827955,0,2896,969.8086957,1073.929478,1153324.524,0,0,0,1,0,0,0,0,1,978.3157895,25.33962264,1806.311475,1356,0,0,0,0,0,0,53,1343,61,110185,29200,61,33,20,0.0,0.0,0,0,0.0,0.0,0,0,BENIGN
443,143922,46,59,1313,110185,570,0,28.54347826,111.4687214,4344,0,1867.542373,928.8619348,774711.302,729.561846,1383.865385,5113.410947,23204,1,143819,3195.977778,7601.486037,23944,1,120741,2081.741379,6177.619366,24188,1,0,0,0,0,1192,1896,319.6175706,409.9442754,0,4344,1051.867925,1151.115824,1325067.64,0,0,0,1,0,0,0,0,1,1061.885714,28.54347826,1867.542373,1192,0,0,0,0,0,0,46,1313,59,110185,29200,61,28,20,0.0,0.0,0,0,0.0,0.0,0,0,BENIGN
443,142755,47,59,1331,108751,570,0,28.31914894,110.239878,4344,0,1843.237288,880.4438798,771125.3546,742.5309096,1359.571429,5101.981278,23296,0,142725,3102.717391,7520.361296,23830,1,119765,2064.913793,6191.082532,23819,1,0,0,0,0,1188,1896,329.2354033,413.2955063,0,4344,1028.803738,1119.123524,1252437.461,0,0,0,1,0,0,0,0,1,1038.509434,28.31914894,1843.237288,1188,0,0,0,0,0,0,47,1331,59,108751,29200,61,31,20,0.0,0.0,0,0,0.0,0.0,0,0,BENIGN
443,124970,31,50,1169,95705,570,0,37.70967742,135.6058488,4344,0,1914.1,1026.790884,775178.0427,648.1555573,1562.125,5472.574571,23276,2,124970,4165.666667,8558.264388,23797,48,100070,2042.244898,6257.994136,23889,2,0,0,0,0,1000,1608,248.0595343,400.096023,0,4344,1181.390244,1222.219038,1493819.377,0,0,0,1,0,0,0,0,1,1195.975309,37.70967742,1914.1,1000,0,0,0,0,0,0,31,1169,50,95705,29200,61,4,32,0.0,0.0,0,0,0.0,0.0,0,0,BENIGN
443,142117,47,54,1325,102959,570,0,28.19148936,110.2697559,4344,0,1906.648148,920.1505446,733789.7648,710.6820437,1421.17,5222.018688,23251,0,142117,3089.5,7491.459759,23615,2,119075,2246.698113,6480.936751,24374,2,0,0,0,0,1200,1736,330.7134263,379.9686174,0,4344,1022.392157,1156.805144,1338198.142,0,0,0,1,0,0,0,0,1,1032.514851,28.19148936,1906.648148,1200,0,0,0,0,0,0,47,1325,54,102959,29200,61,30,20,0.0,0.0,0,0,0.0,0.0,0,0,BENIGN
443,142224,45,54,1307,102959,570,0,29.04444444,112.6759141,4344,0,1906.648148,962.183938,733111.1486,696.0850489,1451.265306,5285.994782,23215,1,142188,3231.545455,7670.383131,23907,1,119220,2249.433962,6470.87376,23934,1,0,0,0,0,1172,1736,316.402295,379.682754,0,4344,1042.66,1177.467186,1386428.974,0,0,0,1,0,0,0,0,1,1053.191919,29.04444444,1906.648148,1172,0,0,0,0,0,0,45,1307,54,102959,29200,61,27,20,0.0,0.0,0,0,0.0,0.0,0,0,BENIGN
443,143176,48,57,1319,104393,570,0,27.47916667,109.1949242,2896,0,1831.45614,839.483346,738336.034,733.3631335,1376.692308,5140.149288,23249,1,143176,3046.297872,7453.930084,23771,48,119920,2141.428571,6321.378063,24133,1,0,0,0,0,1244,1832,335.2517182,398.1114153,0,2896,997.2830189,1094.697512,1198362.643,0,0,0,1,0,0,0,0,1,1006.780952,27.47916667,1831.45614,1244,0,0,0,0,0,0,48,1319,57,104393,29200,61,29,20,0.0,0.0,0,0,0.0,0.0,0,0,BENIGN
443,142472,47,65,1319,110185,570,0,28.06382979,110.2994746,4344,0,1695.153846,827.9840207,782637.992,786.1193778,1283.531532,4938.821871,23298,0,142471,3097.195652,7439.046174,23608,0,119322,1864.40625,5882.643021,23899,2,0,0,0,0,1212,2088,329.8893818,456.2299961,0,4344,986.7610619,1040.368472,1082366.558,0,0,0,1,0,0,0,0,1,995.5714286,28.06382979,1695.153846,1212,0,0,0,0,0,0,47,1319,65,110185,29200,61,29,20,0.0,0.0,0,0,0.0,0.0,0,0,BENIGN
443,185687,47,59,1325,105841,570,0,28.19148936,110.2697559,4344,0,1793.915254,940.1938958,577132.4864,570.8531023,1768.447619,6538.518192,43652,1,185687,4036.673913,9570.852234,43742,1,162498,2801.689655,8220.015641,43691,1,0,0,0,0,1200,1896,253.1141114,317.7389909,0,4344,1001.551402,1126.038969,1267963.759,0,0,0,1,0,0,0,0,1,1011.0,28.19148936,1793.915254,1200,0,0,0,0,0,0,47,1325,59,105841,29200,61,30,20,0.0,0.0,0,0,0.0,0.0,0,0,BENIGN
443,142746,42,56,1319,108751,570,0,31.4047619,116.3707405,4344,0,1941.982143,1075.138697,771089.9079,686.5341235,1471.608247,5294.106612,23388,1,142728,3481.170732,7878.508647,23911,42,119798,2178.145455,6350.468301,24220,2,0,0,0,0,1052,1800,294.2289101,392.3052135,0,4344,1111.818182,1249.437019,1561092.865,0,0,0,1,0,0,0,0,1,1123.163265,31.4047619,1941.982143,1052,0,0,0,0,0,0,42,1319,56,108751,29200,61,29,20,0.0,0.0,0,0,0.0,0.0,0,0,BENIGN
443,185922,46,58,1319,105841,570,0,28.67391304,111.4380853,4344,0,1824.844828,917.6278304,576370.7361,559.3743613,1805.067961,6613.593843,43617,1,185922,4131.6,9671.015542,43813,1,162870,2857.368421,8310.38286,43617,1,0,0,0,0,1180,1864,247.4155829,311.9587784,0,4344,1020.571429,1128.18756,1272807.17,0,0,0,1,0,0,0,0,1,1030.384615,28.67391304,1824.844828,1180,0,0,0,0,0,0,46,1319,58,105841,29200,61,29,20,0.0,0.0,0,0,0.0,0.0,0,0,BENIGN
443,143435,49,58,1325,108751,570,0,27.04081633,108.0950506,2896,0,1875.017241,894.59136,767427.7547,745.9825008,1353.160377,5106.702298,23560,2,143297,2985.354167,7399.771743,24185,2,120520,2114.385965,6301.928689,24417,2,0,0,0,0,1264,1864,341.6181546,404.3643462,0,2896,1019.222222,1135.376436,1289079.651,0,0,0,1,0,0,0,0,1,1028.747664,27.04081633,1875.017241,1264,0,0,0,0,0,0,49,1325,58,108751,29200,61,30,20,0.0,0.0,0,0,0.0,0.0,0,0,BENIGN
443,186578,48,62,1331,100049,570,0,27.72916667,109.1373797,2896,0,1613.693548,741.7725246,543365.2413,589.565758,1711.724771,6486.613146,44436,0,186578,3969.744681,9553.696238,44627,0,163447,2679.459016,8129.75274,44439,2,0,0,0,0,1220,1992,257.265058,332.3007,0,2896,913.3333333,967.7303844,936502.097,0,0,0,1,0,0,0,0,1,921.6363636,27.72916667,1613.693548,1220,0,0,0,0,0,0,48,1331,62,100049,29200,61,31,20,0.0,0.0,0,0,0.0,0.0,0,0,BENIGN
443,190175,49,60,1337,105841,570,0,27.28571429,108.0391519,4344,0,1764.016667,883.4411243,563575.654,573.1563034,1760.87963,6638.064806,46513,1,190175,3961.979167,9734.339035,46562,48,167184,2833.627119,8428.207536,46599,1,0,0,0,0,1240,1928,257.6574208,315.4988826,0,4344,974.3454545,1087.549534,1182763.99,0,0,0,1,0,0,0,0,1,983.2844037,27.28571429,1764.016667,1240,0,0,0,0,0,0,49,1337,60,105841,29200,61,32,20,0.0,0.0,0,0,0.0,0.0,0,0,BENIGN
443,142210,44,56,1313,110185,570,0,29.84090909,113.8577127,4344,0,1967.589286,1007.169423,784037.6907,703.18543,1436.464646,5250.386241,23269,1,142107,3304.813953,7712.800169,23901,1,119240,2168.0,6345.893166,24012,1,0,0,0,0,1128,1800,309.4015892,393.7838408,0,4344,1103.940594,1225.151973,1500997.356,0,0,0,1,0,0,0,0,1,1114.98,29.84090909,1967.589286,1128,0,0,0,0,0,0,44,1313,56,110185,29200,61,28,20,0.0,0.0,0,0,0.0,0.0,0,0,BENIGN
443,142963,50,61,1337,110185,570,0,26.74,107.0006313,2896,0,1806.311475,816.6455278,780075.9637,776.4246693,1299.663636,4983.149833,23187,1,142932,2916.979592,7305.905809,23882,1,119994,1999.9,6088.863599,24013,1,0,0,0,0,1272,1960,349.740842,426.6838273,0,2896,995.7321429,1076.3374,1158502.198,0,0,0,1,0,0,0,0,1,1004.702703,26.74,1806.311475,1272,0,0,0,0,0,0,50,1337,61,110185,29200,61,32,20,0.0,0.0,0,0,0.0,0.0,0,0,BENIGN
443,142878,48,61,1331,110185,570,0,27.72916667,109.1373797,4344,0,1806.311475,898.1593315,780498.0473,762.8886183,1322.944444,5031.61888,23325,1,142795,3038.191489,7432.811943,23995,1,119942,1999.033333,6106.43445,24109,1,0,0,0,0,1220,1960,335.9509512,426.9376671,0,4344,1013.781818,1112.785045,1238290.557,0,0,0,1,0,0,0,0,1,1023.082569,27.72916667,1806.311475,1220,0,0,0,0,0,0,48,1331,61,110185,29200,61,31,20,0.0,0.0,0,0,0.0,0.0,0,0,BENIGN
443,190109,47,54,1331,107303,570,0,28.31914894,110.239878,4344,0,1987.092593,1095.823844,571430.0743,531.2741638,1901.09,6957.245624,47108,2,190109,4132.804348,9928.306139,47163,2,166964,3150.264151,8963.412211,47144,2,0,0,0,0,1188,1736,247.2265911,284.0475727,0,4344,1065.039216,1265.545841,1601606.276,0,0,0,1,0,0,0,0,1,1075.584158,28.31914894,1987.092593,1188,0,0,0,0,0,0,47,1331,54,107303,29200,61,31,20,0.0,0.0,0,0,0.0,0.0,0,0,BENIGN
443,143397,49,59,1319,113081,570,0,26.91836735,108.1227768,4344,0,1916.627119,904.6752303,797785.1698,753.1538317,1340.158879,5055.910384,23253,1,143273,2984.854167,7375.761154,23604,1,120273,2073.672414,6194.571561,24207,2,0,0,0,0,1276,1896,341.7086829,411.4451488,0,4344,1049.541284,1157.634086,1340116.677,0,0,0,1,0,0,0,0,1,1059.259259,26.91836735,1916.627119,1276,0,0,0,0,0,0,49,1319,59,113081,29200,61,29,20,0.0,0.0,0,0,0.0,0.0,0,0,BENIGN
443,250001,19,27,1169,46473,570,0,61.52631579,170.5915748,4344,0,1721.222222,1200.061419,190567.2377,183.999264,5555.577778,14812.28285,68127,2,250001,13888.94444,30680.17694,129542,3,226673,8718.192308,21705.94577,91145,3,0,0,0,0,616,872,75.999696,107.999568,0,4344,1013.659574,1231.269887,1516025.534,0,0,0,1,0,0,0,0,1,1035.695652,61.52631579,1721.222222,616,0,0,0,0,0,0,19,1169,27,46473,29200,61,4,32,0.0,0.0,0,0,0.0,0.0,0,0,BENIGN
443,188539,45,59,1319,104407,570,0,29.31111111,112.6125341,4344,0,1769.610169,929.3130948,560764.6163,551.6100117,1830.475728,6665.317717,44329,0,188539,4284.977273,9917.489596,44375,49,165289,2849.810345,8309.680188,44415,0,0,0,0,0,1148,1896,238.6774089,312.9326028,0,4344,1006.914286,1113.679989,1240283.118,0,0,0,1,0,0,0,0,1,1016.596154,29.31111111,1769.610169,1148,0,0,0,0,0,0,45,1319,59,104407,29200,61,29,20,0.0,0.0,0,0,0.0,0.0,0,0,BENIGN
443,142469,48,59,1325,110185,570,0,27.60416667,109.1662288,4344,0,1867.542373,889.0918715,782696.5866,751.0405772,1344.04717,5070.290861,23279,0,142418,3030.170213,7396.589559,23559,0,119259,2056.189655,6171.028191,23978,1,0,0,0,0,1232,1896,336.9153991,414.1251781,0,4344,1032.5,1131.890574,1281176.271,0,0,0,1,0,0,0,0,1,1042.149533,27.60416667,1867.542373,1232,0,0,0,0,0,0,48,1325,59,110185,29200,61,30,20,0.0,0.0,0,0,0.0,0.0,0,0,BENIGN
443,23598,26,30,156,56486,6,6,6.0,0.0,2896,0,1882.866667,774.3889575,2400288.16,2373.082465,429.0545455,2520.110465,18773,1,23598,943.92,3735.465566,18869,1,23529,811.3448276,3455.2422,18773,1,0,0,0,0,520,960,1101.788287,1271.294177,0,2896,993.8245614,1097.47335,1204447.754,1,0,0,0,0,0,0,0,1,1011.571429,6.0,1882.866667,520,0,0,0,0,0,0,26,156,30,56486,0,61,25,20,0.0,0.0,0,0,0.0,0.0,0,0,BENIGN
443,142921,49,58,1325,104393,570,0,27.04081633,108.0950506,4344,0,1799.87931,947.2788744,739695.3562,748.6653466,1348.311321,5103.347085,23389,1,142889,2976.854167,7398.435677,23792,1,119565,2097.631579,6274.38321,24024,1,0,0,0,0,1264,1864,342.8467475,405.8185991,0,4344,978.8703704,1128.043108,1272481.254,0,0,0,1,0,0,0,0,1,988.0186916,27.04081633,1799.87931,1264,0,0,0,0,0,0,49,1325,58,104393,29200,61,30,20,0.0,0.0,0,0,0.0,0.0,0,0,BENIGN
443,142553,44,55,1319,105855,570,0,29.97727273,113.8247303,4344,0,1924.636364,962.5228302,751818.6218,694.4785448,1454.622449,5282.694366,23225,1,142553,3315.186047,7757.558576,24025,39,119493,2212.833333,6419.225574,23966,2,0,0,0,0,1116,1768,308.657131,385.8214138,0,4344,1071.74,1187.028721,1409037.184,0,0,0,1,0,0,0,0,1,1082.565657,29.97727273,1924.636364,1116,0,0,0,0,0,0,44,1319,55,105855,29200,61,29,20,0.0,0.0,0,0,0.0,0.0,0,0,BENIGN
443,142823,48,53,1319,104393,570,0,27.47916667,109.1949242,2896,0,1969.679245,896.6724334,740160.8985,707.1690134,1428.23,5268.242589,23281,0,142720,3036.595745,7462.277597,23598,48,119552,2299.076923,6558.600083,24006,2,0,0,0,0,1244,1704,336.0803232,371.0886902,0,2896,1036.392157,1170.881889,1370964.399,0,0,0,1,0,0,0,0,1,1046.653465,27.47916667,1969.679245,1244,0,0,0,0,0,0,48,1319,53,104393,29200,61,29,20,0.0,0.0,0,0,0.0,0.0,0,0,BENIGN
443,143432,49,61,1331,110185,570,0,27.16326531,108.0671757,2896,0,1806.311475,816.6455278,777483.4068,766.9139383,1315.889908,5041.479272,23608,1,143432,2988.166667,7400.875855,23813,1,119789,1996.483333,6093.536104,23916,2,0,0,0,0,1252,1960,341.6252998,425.2886385,0,2896,1004.648649,1077.055537,1160048.63,0,0,0,1,0,0,0,0,1,1013.781818,27.16326531,1806.311475,1252,0,0,0,0,0,0,49,1331,61,110185,29200,61,31,20,0.0,0.0,0,0,0.0,0.0,0,0,BENIGN
443,153205,69,116,1415,215903,570,0,20.50724638,91.41125931,4344,0,1861.232759,803.0679256,1418478.509,1207.532391,832.6358696,3787.226689,23492,0,153204,2253.0,6087.197333,23625,3,129713,1127.93913,4487.542275,24182,1,0,0,0,0,1724,3720,450.3769459,757.1554453,0,4344,1168.376344,1097.169167,1203780.182,0,0,0,1,0,0,0,0,1,1174.691892,20.50724638,1861.232759,1724,0,0,0,0,0,0,69,1415,116,215903,29200,61,45,20,0.0,0.0,0,0,0.0,0.0,0,0,BENIGN
443,118987,22,27,1169,43577,570,0,53.13636364,159.4088172,2896,0,1613.962963,918.6545547,376057.8887,411.8096935,2478.895833,6984.071833,23695,2,118987,5666.047619,9947.123521,23840,49,95708,3681.076923,8368.694617,24085,2,0,0,0,0,712,872,184.8941481,226.9155454,0,2896,894.92,1038.301259,1078069.504,0,0,0,1,0,0,0,0,1,913.1836735,53.13636364,1613.962963,712,0,0,0,0,0,0,22,1169,27,43577,29200,61,4,32,0.0,0.0,0,0,0.0,0.0,0,0,BENIGN
443,143445,48,59,1331,105855,570,0,27.72916667,109.1373797,2896,0,1794.152542,859.3611463,747227.1602,745.930496,1353.254717,5057.603266,23198,1,143371,3050.446809,7466.685828,23944,1,120247,2073.224138,6158.825426,23969,2,0,0,0,0,1220,1896,334.6230262,411.3074698,0,2896,992.462963,1089.335289,1186651.372,0,0,0,1,0,0,0,0,1,1001.738318,27.72916667,1794.152542,1220,0,0,0,0,0,0,48,1331,59,105855,29200,61,31,20,0.0,0.0,0,0,0.0,0.0,0,0,BENIGN
443,24781,25,29,150,55024,6,6,6.0,0.0,4344,0,1897.37931,874.2515335,2226463.823,2179.088818,467.5660377,2600.032163,19016,-1,23753,989.7083333,3860.986836,19113,48,24670,881.0714286,3557.213276,19016,2,0,0,0,0,500,928,1008.837416,1170.251402,0,4344,1003.272727,1142.143752,1304492.35,1,0,0,0,0,0,0,0,1,1021.851852,6.0,1897.37931,500,0,0,0,0,0,0,25,150,29,55024,0,61,24,20,0.0,0.0,0,0,0.0,0.0,0,0,BENIGN
443,142625,45,55,1319,108751,570,0,29.31111111,112.6125341,4344,0,1977.290909,1013.811668,771744.0841,701.1393514,1440.656566,5284.320834,23333,2,142625,3241.477273,7693.756032,23891,2,119378,2210.703704,6427.637988,24004,2,0,0,0,0,1148,1768,315.5127082,385.6266433,0,4344,1089.80198,1229.538418,1511764.72,0,0,0,1,0,0,0,0,1,1100.7,29.31111111,1977.290909,1148,0,0,0,0,0,0,45,1319,55,108751,29200,61,29,20,0.0,0.0,0,0,0.0,0.0,0,0,BENIGN
443,144147,47,58,1313,110185,570,0,27.93617021,110.3290344,4344,0,1899.741379,942.9987732,773502.05,728.4230681,1386.028846,5190.639999,24295,1,144104,3132.695652,7608.545853,24380,1,119852,2102.666667,6255.848759,23906,2,0,0,0,0,1224,1864,326.05604,402.3670281,0,4344,1051.867925,1168.334224,1365004.859,0,0,0,1,0,0,0,0,1,1061.885714,27.93617021,1899.741379,1224,0,0,0,0,0,0,47,1313,58,110185,29200,61,28,20,0.0,0.0,0,0,0.0,0.0,0,0,BENIGN
443,312417,24,31,1169,47921,570,0,48.70833333,153.057386,2896,0,1545.83871,903.4327164,157129.7337,176.046758,5785.5,19878.41579,125360,1,312417,13583.34783,39976.50546,191587,48,289051,9635.033333,29693.87482,149393,1,0,0,0,0,776,1000,76.8204035,99.22635452,0,2896,876.6071429,1010.193171,1020490.243,0,0,0,1,0,0,0,0,1,892.5454545,48.70833333,1545.83871,776,0,0,0,0,0,0,24,1169,31,47921,29200,61,4,32,0.0,0.0,0,0,0.0,0.0,0,0,BENIGN
443,197560,44,56,1313,105841,570,0,29.84090909,113.8577127,4344,0,1890.017857,948.5411285,542387.1229,506.1753391,1995.555556,7123.994517,48994,1,197560,4594.418605,10434.86853,49052,48,174307,3169.218182,9226.024194,49079,1,0,0,0,0,1128,1800,222.7171492,283.4581899,0,4344,1060.930693,1168.076164,1364401.925,0,0,0,1,0,0,0,0,1,1071.54,29.84090909,1890.017857,1128,0,0,0,0,0,0,44,1313,56,105841,29200,61,28,20,0.0,0.0,0,0,0.0,0.0,0,0,BENIGN
443,207397,48,55,1337,105841,570,0,27.85416667,109.1083766,4344,0,1924.381818,962.649286,516777.0026,496.6320631,2033.303922,7326.844461,52725,1,207397,4412.702128,10446.68649,52752,1,184241,3411.87037,10000.95063,52758,2,0,0,0,0,1208,1768,231.4401848,265.1918784,0,4344,1030.557692,1181.835004,1396733.977,0,0,0,1,0,0,0,0,1,1040.563107,27.85416667,1924.381818,1208,0,0,0,0,0,0,48,1337,55,105841,29200,61,32,20,0.0,0.0,0,0,0.0,0.0,0,0,BENIGN
443,144045,48,58,1325,107289,570,0,27.60416667,109.1662288,4344,0,1849.810345,926.8465581,754028.2551,735.8811483,1371.857143,5123.402956,23514,0,144026,3064.382979,7530.556699,24726,2,120900,2121.052632,6264.21511,24003,2,0,0,0,0,1232,1864,333.2291992,402.651949,0,4344,1015.084112,1140.06861,1299756.436,0,0,0,1,0,0,0,0,1,1024.660377,27.60416667,1849.810345,1232,0,0,0,0,0,0,48,1325,58,107289,29200,61,30,20,0.0,0.0,0,0,0.0,0.0,0,0,BENIGN
443,201971,47,57,1325,100049,570,0,28.19148936,110.2697559,4344,0,1755.245614,892.0494117,501923.5435,514.9254101,1960.883495,7720.190113,59678,1,201971,4390.673913,11232.98406,59738,39,178753,3192.017857,9930.88894,59678,1,0,0,0,0,1200,1832,232.7066757,282.2187344,0,4344,965.4666667,1087.057417,1181693.828,0,0,0,1,0,0,0,0,1,974.75,28.19148936,1755.245614,1200,0,0,0,0,0,0,47,1325,57,100049,29200,61,30,20,0.0,0.0,0,0,0.0,0.0,0,0,BENIGN
443,188080,43,56,1313,104407,570,0,30.53488372,115.1109917,4344,0,1864.410714,1017.715048,562101.2335,526.3717567,1919.183673,6947.385156,46253,1,188080,4478.095238,10200.33154,46299,47,164817,2996.672727,8678.990674,46339,1,0,0,0,0,1096,1800,228.6261165,297.7456402,0,4344,1057.2,1191.098619,1418715.919,0,0,0,1,0,0,0,0,1,1067.878788,30.53488372,1864.410714,1096,0,0,0,0,0,0,43,1313,56,104407,29200,61,28,20,0.0,0.0,0,0,0.0,0.0,0,0,BENIGN
443,142377,46,62,1325,105855,570,0,28.80434783,111.4072847,4344,0,1707.33871,846.172655,752790.1276,758.5494848,1330.626168,5048.982697,23198,0,142377,3163.933333,7552.916858,23792,0,119204,1954.163934,6058.842404,23865,4,0,0,0,0,1168,1992,323.0858917,435.4635931,0,4344,983.3027523,1052.39205,1107529.028,0,0,0,1,0,0,0,0,1,992.4074074,28.80434783,1707.33871,1168,0,0,0,0,0,0,46,1325,62,105855,29200,61,30,20,0.0,0.0,0,0,0.0,0.0,0,0,BENIGN
443,196656,44,58,1313,101511,570,0,29.84090909,113.8577127,4344,0,1750.189655,885.0278112,522862.2569,518.6721992,1947.089109,7362.870923,53182,0,196656,4573.395349,10870.99373,53207,0,173560,3044.912281,9272.282047,53184,1,0,0,0,0,1128,1864,223.7409487,294.9312505,0,4344,998.2912621,1085.819683,1179004.385,0,0,0,1,0,0,0,0,1,1008.078431,29.84090909,1750.189655,1128,0,0,0,0,0,0,44,1313,58,101511,29200,61,28,20,0.0,0.0,0,0,0.0,0.0,0,0,BENIGN
443,141942,47,56,1319,104393,570,0,28.06382979,110.2994746,4344,0,1864.160714,898.8648958,744754.8999,725.6485043,1391.588235,5166.788118,23223,2,141790,3082.391304,7486.682373,23842,48,118886,2161.563636,6328.605255,23901,2,0,0,0,0,1212,1800,331.1211622,394.5273422,0,4344,1016.461538,1132.860859,1283373.727,0,0,0,1,0,0,0,0,1,1026.330097,28.06382979,1864.160714,1212,0,0,0,0,0,0,47,1319,56,104393,29200,61,29,20,0.0,0.0,0,0,0.0,0.0,0,0,BENIGN
443,142878,50,61,1331,110185,570,0,26.62,107.0277267,2896,0,1806.311475,816.6455278,780498.0473,776.8865746,1298.890909,4990.23686,23311,1,142878,2915.877551,7308.861969,23826,1,119587,1993.116667,6086.842108,23944,1,0,0,0,0,1284,1960,349.9489075,426.9376671,0,2896,995.6785714,1076.387253,1158609.517,0,0,0,1,0,0,0,0,1,1004.648649,26.62,1806.311475,1284,0,0,0,0,0,0,50,1331,61,110185,29200,61,31,20,0.0,0.0,0,0,0.0,0.0,0,0,BENIGN
443,125846,30,53,1169,98601,570,0,38.96666667,137.7402561,4344,0,1860.396226,909.6266423,792794.3677,659.5362586,1534.707317,5406.861392,23659,1,125846,4339.517241,8678.145587,24085,19,100568,1934.0,6083.12872,24112,1,0,0,0,0,968,1704,238.3865995,421.1496591,0,4344,1187.738095,1143.646263,1307926.774,0,0,0,1,0,0,0,0,1,1202.048193,38.96666667,1860.396226,968,0,0,0,0,0,0,30,1169,53,98601,29200,61,4,32,0.0,0.0,0,0,0.0,0.0,0,0,BENIGN
443,119881,20,26,1169,46473,570,0,58.45,166.6106318,4344,0,1787.423077,1172.472266,397410.7657,383.7138496,2664.022222,7118.845816,23100,1,119881,6309.526316,10350.24573,24877,1,96814,3872.56,8415.23284,23854,16,0,0,0,0,648,840,166.8321085,216.8817411,0,4344,1013.659574,1231.269887,1516025.534,0,0,0,1,0,0,0,0,1,1035.695652,58.45,1787.423077,648,0,0,0,0,0,0,20,1169,26,46473,29200,61,4,32,0.0,0.0,0,0,0.0,0.0,0,0,BENIGN
443,23547,25,28,150,56486,6,6,6.0,0.0,4344,0,2017.357143,910.3126127,2405232.089,2250.817514,452.8269231,2595.448019,18802,0,23547,981.125,3806.467486,18848,2,23396,866.5185185,3594.791835,18849,1,0,0,0,0,500,896,1061.706374,1189.111139,0,4344,1048.925926,1204.662121,1451210.825,1,0,0,0,0,0,0,0,1,1068.716981,6.0,2017.357143,500,0,0,0,0,0,0,25,150,28,56486,0,61,24,20,0.0,0.0,0,0,0.0,0.0,0,0,BENIGN
443,142554,47,57,1313,104393,570,0,27.93617021,110.3290344,2896,0,1831.45614,839.483346,741515.4959,729.5481011,1384.019417,5173.533889,23364,1,142554,3099.0,7529.948614,23777,48,119512,2134.142857,6319.071173,23820,1,0,0,0,0,1224,1832,329.6996226,399.8484785,0,2896,1006.72381,1095.603438,1200346.894,0,0,0,1,0,0,0,0,1,1016.403846,27.93617021,1831.45614,1224,0,0,0,0,0,0,47,1313,57,104393,29200,61,28,20,0.0,0.0,0,0,0.0,0.0,0,0,BENIGN
80,24707,3,5,26,11607,20,0,8.666666667,10.26320288,5840,0,2321.4,3173.373883,470838.224,323.7948759,3529.571429,8900.108161,23705,3,778,389.0,545.8864351,775,3,24652,6163.0,11699.6378,23705,3,0,0,0,0,72,112,121.4230785,202.3717975,0,5840,1292.555556,2554.159212,6523729.278,0,0,0,1,0,0,0,0,1,1454.125,8.666666667,2321.4,72,0,0,0,0,0,0,3,26,5,11607,8192,229,2,20,0.0,0.0,0,0,0.0,0.0,0,0,DDoS
80,8415090,4,0,24,0,6,6,6.0,0.0,0,0,0.0,0.0,2.852019408,0.475336568,2805030.0,4857868.179,8414413,236,8415090,2805030.0,4857868.179,8414413,236,0,0.0,0.0,0,0,0,0,0,0,80,0,0.475336568,0.0,6,6,6.0,0.0,0.0,0,0,0,0,1,0,0,0,0,7.5,6.0,0.0,80,0,0,0,0,0,0,4,24,0,0,256,-1,3,20,677.0,0.0,677,677,8414413.0,0.0,8414413,8414413,DDoS
80,15548,3,6,26,11607,20,0,8.666666667,10.26320288,4380,0,1934.5,2177.344966,748199.1253,578.8525855,1943.5,5014.349011,14332,4,1069,534.5,686.6006845,1020,49,15416,3083.2,6302.984309,14332,4,0,0,0,0,72,132,192.9508618,385.9017237,0,4380,1163.3,1903.962654,3625073.789,0,0,0,1,0,0,0,0,2,1292.555556,8.666666667,1934.5,72,0,0,0,0,0,0,3,26,6,11607,8192,229,2,20,0.0,0.0,0,0,0.0,0.0,0,0,DDoS
80,8411825,4,0,24,0,6,6,6.0,0.0,0,0,0.0,0.0,2.853126402,0.475521067,2803941.667,4855814.255,8410953,347,8411825,2803941.667,4855814.255,8410953,347,0,0.0,0.0,0,0,0,0,0,0,80,0,0.475521067,0.0,6,6,6.0,0.0,0.0,0,0,0,0,1,0,0,0,0,7.5,6.0,0.0,80,0,0,0,0,0,0,4,24,0,0,256,-1,3,20,872.0,0.0,872,872,8410953.0,0.0,8410953,8410953,DDoS
80,9613,3,6,26,11607,20,0,8.666666667,10.26320288,5840,0,1934.5,2538.919278,1210132.113,936.2321856,1201.625,2939.405282,8443,3,1016,508.0,650.5382387,968,48,9494,1898.8,3682.11036,8443,3,0,0,0,0,72,132,312.0773952,624.1547904,0,5840,1163.3,2138.329153,4572451.567,0,0,0,1,0,0,0,0,2,1292.555556,8.666666667,1934.5,72,0,0,0,0,0,0,3,26,6,11607,8192,229,2,20,0.0,0.0,0,0,0.0,0.0,0,0,DDoS
80,8403319,4,0,24,0,6,6,6.0,0.0,0,0,0.0,0.0,2.856014391,0.476002399,2801106.333,4850911.974,8402457,339,8403319,2801106.333,4850911.974,8402457,339,0,0.0,0.0,0,0,0,0,0,0,80,0,0.476002399,0.0,6,6,6.0,0.0,0.0,0,0,0,0,1,0,0,0,0,7.5,6.0,0.0,80,0,0,0,0,0,0,4,24,0,0,256,-1,3,20,862.0,0.0,862,862,8402457.0,0.0,8402457,8402457,DDoS
80,4184,3,6,26,11607,20,0,8.666666667,10.26320288,5840,0,1934.5,2538.919278,2780353.728,2151.051625,523.0,1043.571204,3003,3,1003,501.5,704.9854608,1000,3,4060,812.0,1288.414141,3003,3,0,0,0,0,72,132,717.0172084,1434.034417,0,5840,1163.3,2138.329153,4572451.567,0,0,0,1,0,0,0,0,2,1292.555556,8.666666667,1934.5,72,0,0,0,0,0,0,3,26,6,11607,8192,229,2,20,0.0,0.0,0,0,0.0,0.0,0,0,DDoS
80,8399787,4,0,24,0,6,6,6.0,0.0,0,0,0.0,0.0,2.857215308,0.476202551,2799929.0,4849007.007,8399080,257,8399787,2799929.0,4849007.007,8399080,257,0,0.0,0.0,0,0,0,0,0,0,80,0,0.476202551,0.0,6,6,6.0,0.0,0.0,0,0,0,0,1,0,0,0,0,7.5,6.0,0.0,80,0,0,0,0,0,0,4,24,0,0,256,-1,3,20,707.0,0.0,707,707,8399080.0,0.0,8399080,8399080,DDoS
80,668769,3,6,26,11607,20,0,8.666666667,10.26320288,5840,0,1934.5,2538.919278,17394.64598,13.45756158,83596.125,235993.9955,667651,3,966,483.0,668.923015,956,10,668699,133739.8,298465.7259,667651,3,0,0,0,0,72,132,4.48585386,8.97170772,0,5840,1163.3,2138.329153,4572451.567,0,0,0,1,0,0,0,0,2,1292.555556,8.666666667,1934.5,72,0,0,0,0,0,0,3,26,6,11607,8192,229,2,20,0.0,0.0,0,0,0.0,0.0,0,0,DDoS
80,7731256,5,0,30,0,6,6,6.0,0.0,0,0,0.0,0.0,3.880352688,0.646725448,1932814.0,3865002.0,7730317,250,7731256,1932814.0,3865002.0,7730317,250,0,0.0,0.0,0,0,0,0,0,0,100,0,0.646725448,0.0,6,6,6.0,0.0,0.0,0,0,0,0,1,0,0,0,0,7.2,6.0,0.0,100,0,0,0,0,0,0,5,30,0,0,256,-1,4,20,939.0,0.0,939,939,7730317.0,0.0,7730317,7730317,DDoS
80,659835,3,6,26,11607,20,0,8.666666667,10.26320288,5755,0,1934.5,2529.124572,17630.16512,13.63977358,82479.375,232794.5387,658616,1,1041,520.5,734.6839457,1040,1,659681,131936.2,294423.2616,658616,3,0,0,0,0,72,132,4.546591193,9.093182387,0,5755,1163.3,2131.87096,4544873.789,0,0,0,1,0,0,0,0,2,1292.555556,8.666666667,1934.5,72,0,0,0,0,0,0,3,26,6,11607,8192,229,2,20,0.0,0.0,0,0,0.0,0.0,0,0,DDoS
80,7731078,4,0,24,0,6,6,6.0,0.0,0,0,0.0,0.0,3.104353623,0.517392271,2577026.0,4462932.881,7730377,290,7731078,2577026.0,4462932.881,7730377,290,0,0.0,0.0,0,0,0,0,0,0,80,0,0.517392271,0.0,6,6,6.0,0.0,0.0,0,0,0,0,1,0,0,0,0,7.5,6.0,0.0,80,0,0,0,0,0,0,4,24,0,0,256,-1,3,20,701.0,0.0,701,701,7730377.0,0.0,7730377,7730377,DDoS
80,1655971,3,6,26,11607,20,0,8.666666667,10.26320288,5840,0,1934.5,2538.919278,7024.881474,5.434877785,206996.375,585001.0754,1654800,3,1041,520.5,668.2159082,993,48,1655835,331167.0,739933.4551,1654800,3,0,0,0,0,72,132,1.811625928,3.623251856,0,5840,1163.3,2138.329153,4572451.567,0,0,0,1,0,0,0,0,2,1292.555556,8.666666667,1934.5,72,0,0,0,0,0,0,3,26,6,11607,8192,229,2,20,0.0,0.0,0,0,0.0,0.0,0,0,DDoS
80,6731582,4,0,24,0,6,6,6.0,0.0,0,0,0.0,0.0,3.565283762,0.59421396,2243860.667,3885880.524,6730889,303,6731582,2243860.667,3885880.524,6730889,303,0,0.0,0.0,0,0,0,0,0,0,80,0,0.59421396,0.0,6,6,6.0,0.0,0.0,0,0,0,0,1,0,0,0,0,7.5,6.0,0.0,80,0,0,0,0,0,0,4,24,0,0,256,-1,3,20,693.0,0.0,693,693,6730889.0,0.0,6730889,6730889,DDoS
80,1271982,3,6,26,11607,20,0,8.666666667,10.26320288,5840,0,1934.5,2538.919278,9145.56967,7.075571824,158997.75,449277.6698,1270903,1,938,469.0,661.8519472,937,1,1271941,254388.2,568249.1969,1270903,4,0,0,0,0,72,132,2.358523941,4.717047883,0,5840,1163.3,2138.329153,4572451.567,0,0,0,1,0,0,0,0,2,1292.555556,8.666666667,1934.5,72,0,0,0,0,0,0,3,26,6,11607,8192,229,2,20,0.0,0.0,0,0,0.0,0.0,0,0,DDoS
80,6448146,4,0,24,0,6,6,6.0,0.0,0,0,0.0,0.0,3.722000091,0.620333349,2149382.0,3722273.316,6447493,204,6448146,2149382.0,3722273.316,6447493,204,0,0.0,0.0,0,0,0,0,0,0,80,0,0.620333349,0.0,6,6,6.0,0.0,0.0,0,0,0,0,1,0,0,0,0,7.5,6.0,0.0,80,0,0,0,0,0,0,4,24,0,0,256,-1,3,20,653.0,0.0,653,653,6447493.0,0.0,6447493,6447493,DDoS
80,1282555,3,6,26,11607,20,0,8.666666667,10.26320288,4380,0,1934.5,2177.344966,9070.176328,7.017242925,160319.375,453092.9174,1281667,4,755,377.5,528.2087655,751,4,1282472,256494.4,573088.9887,1281667,4,0,0,0,0,72,132,2.339080975,4.67816195,0,4380,1163.3,1903.962654,3625073.789,0,0,0,1,0,0,0,0,2,1292.555556,8.666666667,1934.5,72,0,0,0,0,0,0,3,26,6,11607,8192,229,2,20,0.0,0.0,0,0,0.0,0.0,0,0,DDoS
80,6438204,5,0,30,0,6,6,6.0,0.0,0,0,0.0,0.0,4.659684595,0.776614099,1609551.0,3218314.002,6437022,248,6438204,1609551.0,3218314.002,6437022,248,0,0.0,0.0,0,0,0,0,0,0,100,0,0.776614099,0.0,6,6,6.0,0.0,0.0,0,0,0,0,1,0,0,0,0,7.2,6.0,0.0,100,0,0,0,0,0,0,5,30,0,0,256,-1,4,20,1182.0,0.0,1182,1182,6437022.0,0.0,6437022,6437022,DDoS
80,306849,3,6,26,11607,20,0,8.666666667,10.26320288,5840,0,1934.5,2538.919278,37911.155,29.33038726,38356.125,108040.1666,305741,1,948,474.0,668.923015,947,1,306738,61347.6,136620.632,305741,3,0,0,0,0,72,132,9.776795753,19.55359151,0,5840,1163.3,2138.329153,4572451.567,0,0,0,1,0,0,0,0,2,1292.555556,8.666666667,1934.5,72,0,0,0,0,0,0,3,26,6,11607,8192,229,2,20,0.0,0.0,0,0,0.0,0.0,0,0,DDoS
80,6412382,4,0,24,0,6,6,6.0,0.0,0,0,0.0,0.0,3.742758931,0.623793155,2137460.667,3701581.658,6411679,317,6412382,2137460.667,3701581.658,6411679,317,0,0.0,0.0,0,0,0,0,0,0,80,0,0.623793155,0.0,6,6,6.0,0.0,0.0,0,0,0,0,1,0,0,0,0,7.5,6.0,0.0,80,0,0,0,0,0,0,4,24,0,0,256,-1,3,20,703.0,0.0,703,703,6411679.0,0.0,6411679,6411679,DDoS
80,35992,3,6,26,11607,20,0,8.666666667,10.26320288,4380,0,1934.5,2177.344966,323210.7135,250.0555679,4499.0,12035.36606,34267,16,1402,701.0,905.0966799,1341,61,35915,7183.0,15151.1274,34267,16,0,0,0,0,72,132,83.35185597,166.7037119,0,4380,1163.3,1903.962654,3625073.789,0,0,0,1,0,0,0,0,2,1292.555556,8.666666667,1934.5,72,0,0,0,0,0,0,3,26,6,11607,8192,229,2,20,0.0,0.0,0,0,0.0,0.0,0,0,DDoS
80,6400548,4,0,24,0,6,6,6.0,0.0,0,0,0.0,0.0,3.749678934,0.624946489,2133516.0,3694627.186,6399704,356,6400548,2133516.0,3694627.186,6399704,356,0,0.0,0.0,0,0,0,0,0,0,80,0,0.624946489,0.0,6,6,6.0,0.0,0.0,0,0,0,0,1,0,0,0,0,7.5,6.0,0.0,80,0,0,0,0,0,0,4,24,0,0,256,-1,3,20,844.0,0.0,844,844,6399704.0,0.0,6399704,6399704,DDoS
80,28338,3,6,26,11607,20,0,8.666666667,10.26320288,5840,0,1934.5,2538.919278,410508.8574,317.5947491,3542.25,9591.005828,27267,3,943,471.5,662.559054,940,3,28289,5657.8,12086.69027,27267,3,0,0,0,0,72,132,105.8649164,211.7298327,0,5840,1163.3,2138.329153,4572451.567,0,0,0,1,0,0,0,0,2,1292.555556,8.666666667,1934.5,72,0,0,0,0,0,0,3,26,6,11607,8192,229,2,20,0.0,0.0,0,0,0.0,0.0,0,0,DDoS
80,6396903,4,0,24,0,6,6,6.0,0.0,0,0,0.0,0.0,3.751815527,0.625302588,2132301.0,3692657.844,6396215,272,6396903,2132301.0,3692657.844,6396215,272,0,0.0,0.0,0,0,0,0,0,0,80,0,0.625302588,0.0,6,6,6.0,0.0,0.0,0,0,0,0,1,0,0,0,0,7.5,6.0,0.0,80,0,0,0,0,0,0,4,24,0,0,256,-1,3,20,688.0,0.0,688,688,6396215.0,0.0,6396215,6396215,DDoS
80,674102,3,6,26,11607,20,0,8.666666667,10.26320288,5840,0,1934.5,2538.919278,17257.03232,13.35109523,84262.75,237465.7968,671959,16,1789,894.5,1242.386615,1773,16,673992,134798.4,300282.7586,671959,46,0,0,0,0,72,132,4.450365078,8.900730157,0,5840,1163.3,2138.329153,4572451.567,0,0,0,1,0,0,0,0,2,1292.555556,8.666666667,1934.5,72,0,0,0,0,0,0,3,26,6,11607,8192,229,2,20,0.0,0.0,0,0,0.0,0.0,0,0,DDoS
80,5727050,5,0,30,0,6,6,6.0,0.0,0,0,0.0,0.0,5.23829895,0.873049825,1431762.5,2862763.668,5725908,244,5727050,1431762.5,2862763.668,5725908,244,0,0.0,0.0,0,0,0,0,0,0,100,0,0.873049825,0.0,6,6,6.0,0.0,0.0,0,0,0,0,1,0,0,0,0,7.2,6.0,0.0,100,0,0,0,0,0,0,5,30,0,0,256,-1,4,20,1142.0,0.0,1142,1142,5725908.0,0.0,5725908,5725908,DDoS
80,1658353,3,6,26,11607,20,0,8.666666667,10.26320288,5840,0,1934.5,2538.919278,7014.791181,5.427071317,207294.125,585887.2898,1657291,3,934,467.0,654.7808794,930,4,1658307,331661.4,741049.5841,1657291,3,0,0,0,0,72,132,1.809023772,3.618047545,0,5840,1163.3,2138.329153,4572451.567,0,0,0,1,0,0,0,0,2,1292.555556,8.666666667,1934.5,72,0,0,0,0,0,0,3,26,6,11607,8192,229,2,20,0.0,0.0,0,0,0.0,0.0,0,0,DDoS
80,4730808,4,0,24,0,6,6,6.0,0.0,0,0,0.0,0.0,5.073129157,0.845521526,1576936.0,2730727.923,4730109,244,4730808,1576936.0,2730727.923,4730109,244,0,0.0,0.0,0,0,0,0,0,0,80,0,0.845521526,0.0,6,6,6.0,0.0,0.0,0,0,0,0,1,0,0,0,0,7.5,6.0,0.0,80,0,0,0,0,0,0,4,24,0,0,256,-1,3,20,0.0,0.0,0,0,0.0,0.0,0,0,DDoS
80,1658555,3,6,26,11607,20,0,8.666666667,10.26320288,4380,0,1934.5,2177.344966,7013.936831,5.426410339,207319.375,585957.8976,1657491,2,927,463.5,649.8311319,923,4,1658507,331701.4,741139.0262,1657491,2,0,0,0,0,72,132,1.808803446,3.617606893,0,4380,1163.3,1903.962654,3625073.789,0,0,0,1,0,0,0,0,2,1292.555556,8.666666667,1934.5,72,0,0,0,0,0,0,3,26,6,11607,8192,229,2,20,0.0,0.0,0,0,0.0,0.0,0,0,DDoS
80,4726615,4,0,24,0,6,6,6.0,0.0,0,0,0.0,0.0,5.077629551,0.846271592,1575538.333,2728255.129,4725856,352,4726615,1575538.333,2728255.129,4725856,352,0,0.0,0.0,0,0,0,0,0,0,80,0,0.846271592,0.0,6,6,6.0,0.0,0.0,0,0,0,0,1,0,0,0,0,7.5,6.0,0.0,80,0,0,0,0,0,0,4,24,0,0,256,-1,3,20,0.0,0.0,0,0,0.0,0.0,0,0,DDoS
80,11390,3,6,26,11601,20,0,8.666666667,10.26320288,4380,0,1933.5,1757.789948,1020807.726,790.166813,1423.75,3515.923563,10112,19,10259,5129.5,7073.189132,10131,128,11371,2274.2,4579.863666,10456,50,0,0,0,0,72,132,263.3889377,526.7778753,0,4380,1162.7,1645.241762,2706820.456,0,0,0,1,0,0,0,0,2,1291.888889,8.666666667,1933.5,72,0,0,0,0,0,0,3,26,6,11601,8192,229,2,20,0.0,0.0,0,0,0.0,0.0,0,0,DDoS
80,8039786,5,0,30,0,6,6,6.0,0.0,0,0,0.0,0.0,3.731442603,0.621907101,2009946.5,4018572.36,8037805,4,8039786,2009946.5,4018572.36,8037805,4,0,0.0,0.0,0,0,0,0,0,0,100,0,0.621907101,0.0,6,6,6.0,0.0,0.0,0,0,0,0,1,0,0,0,0,7.2,6.0,0.0,100,0,0,0,0,0,0,5,30,0,0,256,-1,4,20,1981.0,0.0,1981,1981,8037805.0,0.0,8037805,8037805,DDoS
80,11469,3,6,26,11601,20,0,8.666666667,10.26320288,4380,0,1933.5,1757.789948,1013776.266,784.7240387,1433.625,3451.389738,9935,4,10061,5030.5,7108.544471,10057,4,11347,2269.4,4376.795266,10064,17,0,0,0,0,72,132,261.5746796,523.1493591,0,4380,1162.7,1645.241762,2706820.456,0,0,0,1,0,0,0,0,2,1291.888889,8.666666667,1933.5,72,0,0,0,0,0,0,3,26,6,11601,8192,229,2,20,0.0,0.0,0,0,0.0,0.0,0,0,DDoS
80,8037798,5,0,30,0,6,6,6.0,0.0,0,0,0.0,0.0,3.732365506,0.622060918,2009449.5,4018233.027,8036799,2,8037798,2009449.5,4018233.027,8036799,2,0,0.0,0.0,0,0,0,0,0,0,100,0,0.622060918,0.0,6,6,6.0,0.0,0.0,0,0,0,0,1,0,0,0,0,7.2,6.0,0.0,100,0,0,0,0,0,0,5,30,0,0,256,-1,4,20,999.0,0.0,999,999,8036799.0,0.0,8036799,8036799,DDoS
80,10415,3,4,26,11601,20,0,8.666666667,10.26320288,10135,0,2900.25,4871.82583,1116370.619,672.1075372,1735.833333,3347.610576,8534,63,9020,4510.0,5779.890829,8597,423,10352,3450.666667,4952.028305,9149,190,0,0,0,0,72,92,288.0460874,384.0614498,0,10135,1453.375,3544.652026,12600000.0,0,0,0,1,0,0,0,0,1,1661.0,8.666666667,2900.25,72,0,0,0,0,0,0,3,26,4,11601,8192,229,2,20,0.0,0.0,0,0,0.0,0.0,0,0,DDoS
80,8036938,5,0,30,0,6,6,6.0,0.0,0,0,0.0,0.0,3.732764891,0.622127482,2009234.5,4017804.36,8035941,1,8036938,2009234.5,4017804.36,8035941,1,0,0.0,0.0,0,0,0,0,0,0,100,0,0.622127482,0.0,6,6,6.0,0.0,0.0,0,0,0,0,1,0,0,0,0,7.2,6.0,0.0,100,0,0,0,0,0,0,5,30,0,0,256,-1,4,20,997.0,0.0,997,997,8035941.0,0.0,8035941,8035941,DDoS
80,9827,3,5,26,11601,20,0,8.666666667,10.26320288,7300,0,2320.2,3022.508098,1183168.821,814.0836471,1403.857143,2919.353606,7954,4,8005,4002.5,5654.732929,8001,4,9780,2445.0,3835.650836,8150,190,0,0,0,0,72,112,305.2813677,508.8022794,0,7300,1291.888889,2460.652985,6054813.111,0,0,0,1,0,0,0,0,1,1453.375,8.666666667,2320.2,72,0,0,0,0,0,0,3,26,5,11601,8192,229,2,20,0.0,0.0,0,0,0.0,0.0,0,0,DDoS
80,8034753,5,0,30,0,6,6,6.0,0.0,0,0,0.0,0.0,3.733779993,0.622296665,2008688.25,4016964.51,8034135,1,8034753,2008688.25,4016964.51,8034135,1,0,0.0,0.0,0,0,0,0,0,0,100,0,0.622296665,0.0,6,6,6.0,0.0,0.0,0,0,0,0,1,0,0,0,0,7.2,6.0,0.0,100,0,0,0,0,0,0,5,30,0,0,256,-1,4,20,618.0,0.0,618,618,8034135.0,0.0,8034135,8034135,DDoS
80,8812,3,4,26,11601,20,0,8.666666667,10.26320288,8760,0,2900.25,4128.319301,1319450.749,794.3713118,1468.666667,2744.672124,6964,2,7021,3510.5,4961.768284,7019,2,8757,2919.0,3706.84502,7139,189,0,0,0,0,72,92,340.4448479,453.9264639,0,8760,1453.375,3113.952607,9696700.839,0,0,0,1,0,0,0,0,1,1661.0,8.666666667,2900.25,72,0,0,0,0,0,0,3,26,4,11601,8192,229,2,20,0.0,0.0,0,0,0.0,0.0,0,0,DDoS
80,8033798,5,0,30,0,6,6,6.0,0.0,0,0,0.0,0.0,3.734223838,0.62237064,2008449.5,4016486.336,8033179,3,8033798,2008449.5,4016486.336,8033179,3,0,0.0,0.0,0,0,0,0,0,0,100,0,0.62237064,0.0,6,6,6.0,0.0,0.0,0,0,0,0,1,0,0,0,0,7.2,6.0,0.0,100,0,0,0,0,0,0,5,30,0,0,256,-1,4,20,619.0,0.0,619,619,8033179.0,0.0,8033179,8033179,DDoS
80,8003,3,4,26,11601,20,0,8.666666667,10.26320288,8675,0,2900.25,4088.041942,1452830.189,874.671998,1333.833333,2327.36971,5921,30,6167,3083.5,4089.198516,5975,192,7949,2649.666667,3109.119221,6143,186,0,0,0,0,72,92,374.8594277,499.8125703,0,8675,1453.375,3091.095642,9554872.268,0,0,0,1,0,0,0,0,1,1661.0,8.666666667,2900.25,72,0,0,0,0,0,0,3,26,4,11601,8192,229,2,20,0.0,0.0,0,0,0.0,0.0,0,0,DDoS
80,8032782,4,0,24,0,6,6,6.0,0.0,0,0,0.0,0.0,2.987756919,0.497959487,2677594.0,4637023.906,8031968,321,8032782,2677594.0,4637023.906,8031968,321,0,0.0,0.0,0,0,0,0,0,0,80,0,0.497959487,0.0,6,6,6.0,0.0,0.0,0,0,0,0,1,0,0,0,0,7.5,6.0,0.0,80,0,0,0,0,0,0,4,24,0,0,256,-1,3,20,814.0,0.0,814,814,8031968.0,0.0,8031968,8031968,DDoS
80,8031465,4,0,24,0,6,6,6.0,0.0,0,0,0.0,0.0,2.988246852,0.498041142,2677155.0,4636360.54,8030763,48,8031465,2677155.0,4636360.54,8030763,48,0,0.0,0.0,0,0,0,0,0,0,80,0,0.498041142,0.0,6,6,6.0,0.0,0.0,0,0,0,0,1,0,0,0,0,7.5,6.0,0.0,80,0,0,0,0,0,0,4,24,0,0,256,-1,3,20,702.0,0.0,702,702,8030763.0,0.0,8030763,8030763,DDoS
80,12740,3,6,26,11601,20,0,8.666666667,10.26320288,4380,0,1933.5,1771.85369,912637.3626,706.4364207,1592.5,4156.567334,11876,18,12048,6024.0,8346.688445,11926,122,12690,2538.0,5335.810857,12080,18,0,0,0,0,72,132,235.4788069,470.9576138,0,4380,1162.7,1653.601595,2734398.233,0,0,0,1,0,0,0,0,2,1291.888889,8.666666667,1933.5,72,0,0,0,0,0,0,3,26,6,11601,8192,229,2,20,0.0,0.0,0,0,0.0,0.0,0,0,DDoS
80,8029795,5,0,30,0,6,6,6.0,0.0,0,0,0.0,0.0,3.736085417,0.622680903,2007448.75,4014187.506,8028730,49,8029795,2007448.75,4014187.506,8028730,49,0,0.0,0.0,0,0,0,0,0,0,100,0,0.622680903,0.0,6,6,6.0,0.0,0.0,0,0,0,0,1,0,0,0,0,7.2,6.0,0.0,100,0,0,0,0,0,0,5,30,0,0,256,-1,4,20,1065.0,0.0,1065,1065,8028730.0,0.0,8028730,8028730,DDoS
80,842118,3,6,26,11607,20,0,8.666666667,10.26320288,4380,0,1934.5,2177.344966,13813.97856,10.68733835,105264.75,296930.2848,840129,18,1643,821.5,697.914393,1315,328,842070,168414.0,375500.7439,840129,18,0,0,0,0,72,132,3.562446118,7.124892236,0,4380,1163.3,1903.962654,3625073.789,0,0,0,1,0,0,0,0,2,1292.555556,8.666666667,1934.5,72,0,0,0,0,0,0,3,26,6,11607,8192,229,2,20,0.0,0.0,0,0,0.0,0.0,0,0,DDoS
80,7187822,4,0,24,0,6,6,6.0,0.0,0,0,0.0,0.0,3.338980848,0.556496808,2395940.667,4149023.239,7186820,3,7187822,2395940.667,4149023.239,7186820,3,0,0.0,0.0,0,0,0,0,0,0,80,0,0.556496808,0.0,6,6,6.0,0.0,0.0,0,0,0,0,1,0,0,0,0,7.5,6.0,0.0,80,0,0,0,0,0,0,4,24,0,0,256,-1,3,20,1002.0,0.0,1002,1002,7186820.0,0.0,7186820,7186820,DDoS
80,901739,3,6,26,11607,20,0,8.666666667,10.26320288,5755,0,1934.5,2529.124572,12900.62867,9.980715041,112717.375,318402.0317,900722,3,717,358.5,502.7529214,714,3,901708,180341.6,402704.9889,900722,14,0,0,0,0,72,132,3.326905014,6.653810027,0,5755,1163.3,2131.87096,4544873.789,0,0,0,1,0,0,0,0,2,1292.555556,8.666666667,1934.5,72,0,0,0,0,0,0,3,26,6,11607,8192,229,2,20,0.0,0.0,0,0,0.0,0.0,0,0,DDoS
80,7126496,5,0,30,0,6,6,6.0,0.0,0,0,0.0,0.0,4.209642439,0.701607073,1781624.0,3562501.336,7125376,218,7126496,1781624.0,3562501.336,7125376,218,0,0.0,0.0,0,0,0,0,0,0,100,0,0.701607073,0.0,6,6,6.0,0.0,0.0,0,0,0,0,1,0,0,0,0,7.2,6.0,0.0,100,0,0,0,0,0,0,5,30,0,0,256,-1,4,20,1120.0,0.0,1120,1120,7125376.0,0.0,7125376,7125376,DDoS
80,903357,3,6,26,11607,20,0,8.666666667,10.26320288,4380,0,1934.5,2177.344966,12877.5224,9.962838612,112919.625,319084.7684,902614,2,616,308.0,429.920923,612,4,903309,180661.8,403583.6349,902614,2,0,0,0,0,72,132,3.320946204,6.641892408,0,4380,1163.3,1903.962654,3625073.789,0,0,0,1,0,0,0,0,2,1292.555556,8.666666667,1934.5,72,0,0,0,0,0,0,3,26,6,11607,8192,229,2,20,0.0,0.0,0,0,0.0,0.0,0,0,DDoS
80,7123335,4,0,24,0,6,6,6.0,0.0,0,0,0.0,0.0,3.369208383,0.561534731,2374445.0,4112104.258,7122694,273,7123335,2374445.0,4112104.258,7122694,273,0,0.0,0.0,0,0,0,0,0,0,80,0,0.561534731,0.0,6,6,6.0,0.0,0.0,0,0,0,0,1,0,0,0,0,7.5,6.0,0.0,80,0,0,0,0,0,0,4,24,0,0,256,-1,3,20,641.0,0.0,641,641,7122694.0,0.0,7122694,7122694,DDoS
80,902779,3,5,26,11607,20,0,8.666666667,10.26320288,5840,0,2321.4,3173.373883,12885.76717,8.861526464,128968.4286,340753.6937,901725,3,815,407.5,436.284884,716,99,902733,225683.25,450694.6493,901725,3,0,0,0,0,72,112,3.323072424,5.53845404,0,5840,1292.555556,2554.159212,6523729.278,0,0,0,1,0,0,0,0,1,1454.125,8.666666667,2321.4,72,0,0,0,0,0,0,3,26,5,11607,8192,229,2,20,0.0,0.0,0,0,0.0,0.0,0,0,DDoS
80,7122419,5,0,30,0,6,6,6.0,0.0,0,0,0.0,0.0,4.212052113,0.702008686,1780604.75,3560019.516,7120634,333,7122419,1780604.75,3560019.516,7120634,333,0,0.0,0.0,0,0,0,0,0,0,100,0,0.702008686,0.0,6,6,6.0,0.0,0.0,0,0,0,0,1,0,0,0,0,7.2,6.0,0.0,100,0,0,0,0,0,0,5,30,0,0,256,-1,4,20,1785.0,0.0,1785,1785,7120634.0,0.0,7120634,7120634,DDoS
80,902069,3,5,26,11607,20,0,8.666666667,10.26320288,7215,0,2321.4,3327.769794,12895.90929,8.86850119,128867.0,340429.3382,900888,4,938,469.0,339.411255,709,229,902037,225509.25,450252.7076,900888,4,0,0,0,0,72,112,3.325687946,5.542813244,0,7215,1292.555556,2650.585648,7025604.278,0,0,0,1,0,0,0,0,1,1454.125,8.666666667,2321.4,72,0,0,0,0,0,0,3,26,5,11607,8192,229,2,20,0.0,0.0,0,0,0.0,0.0,0,0,DDoS
80,7121367,4,0,24,0,6,6,6.0,0.0,0,0,0.0,0.0,3.370139469,0.561689912,2373789.0,4110871.039,7120614,271,7121367,2373789.0,4110871.039,7120614,271,0,0.0,0.0,0,0,0,0,0,0,80,0,0.561689912,0.0,6,6,6.0,0.0,0.0,0,0,0,0,1,0,0,0,0,7.5,6.0,0.0,80,0,0,0,0,0,0,4,24,0,0,256,-1,3,20,753.0,0.0,753,753,7120614.0,0.0,7120614,7120614,DDoS
80,906594,3,5,26,11607,20,0,8.666666667,10.26320288,7215,0,2321.4,3327.769794,12831.54312,8.824236648,129513.4286,342302.3252,905782,3,586,293.0,410.1219331,583,3,906583,226645.75,452757.5804,905782,4,0,0,0,0,72,112,3.309088743,5.515147905,0,7215,1292.555556,2650.585648,7025604.278,0,0,0,1,0,0,0,0,1,1454.125,8.666666667,2321.4,72,0,0,0,0,0,0,3,26,5,11607,8192,229,2,20,0.0,0.0,0,0,0.0,0.0,0,0,DDoS
80,7115266,5,0,30,0,6,6,6.0,0.0,0,0,0.0,0.0,4.216286503,0.702714417,1778816.5,3556803.671,7114022,225,7115266,1778816.5,3556803.671,7114022,225,0,0.0,0.0,0,0,0,0,0,0,100,0,0.702714417,0.0,6,6,6.0,0.0,0.0,0,0,0,0,1,0,0,0,0,7.2,6.0,0.0,100,0,0,0,0,0,0,5,30,0,0,256,-1,4,20,1244.0,0.0,1244,1244,7114022.0,0.0,7114022,7114022,DDoS
80,905592,3,5,26,11607,20,0,8.666666667,10.26320288,7215,0,2321.4,3327.769794,12845.74069,8.8340003,129370.2857,341876.4369,904673,4,696,348.0,486.4894655,692,4,905545,226386.25,452191.267,904673,4,0,0,0,0,72,112,3.312750113,5.521250188,0,7215,1292.555556,2650.585648,7025604.278,0,0,0,1,0,0,0,0,1,1454.125,8.666666667,2321.4,72,0,0,0,0,0,0,3,26,5,11607,8192,229,2,20,0.0,0.0,0,0,0.0,0.0,0,0,DDoS
80,7109276,4,0,24,0,6,6,6.0,0.0,0,0,0.0,0.0,3.375871186,0.562645198,2369758.667,4103932.731,7108572,323,7109276,2369758.667,4103932.731,7108572,323,0,0.0,0.0,0,0,0,0,0,0,80,0,0.562645198,0.0,6,6,6.0,0.0,0.0,0,0,0,0,1,0,0,0,0,7.5,6.0,0.0,80,0,0,0,0,0,0,4,24,0,0,256,-1,3,20,704.0,0.0,704,704,7108572.0,0.0,7108572,7108572,DDoS
80,905985,3,5,26,11607,20,0,8.666666667,10.26320288,7215,0,2321.4,3327.769794,12840.16844,8.83016827,129426.4286,342021.0114,905057,3,703,351.5,492.8534265,700,3,905942,226485.5,452381.1053,905057,3,0,0,0,0,72,112,3.311313101,5.518855169,0,7215,1292.555556,2650.585648,7025604.278,0,0,0,1,0,0,0,0,1,1454.125,8.666666667,2321.4,72,0,0,0,0,0,0,3,26,5,11607,8192,229,2,20,0.0,0.0,0,0,0.0,0.0,0,0,DDoS
80,7107579,4,0,24,0,6,6,6.0,0.0,0,0,0.0,0.0,3.376677206,0.562779534,2369193.0,4102963.359,7106887,336,7107579,2369193.0,4102963.359,7106887,336,0,0.0,0.0,0,0,0,0,0,0,80,0,0.562779534,0.0,6,6,6.0,0.0,0.0,0,0,0,0,1,0,0,0,0,7.5,6.0,0.0,80,0,0,0,0,0,0,4,24,0,0,256,-1,3,20,692.0,0.0,692,692,7106887.0,0.0,7106887,7106887,DDoS
80,440356,3,6,26,11607,20,0,8.666666667,10.26320288,4380,0,1934.5,2177.344966,26417.2624,20.43800925,55044.5,155121.0871,438949,15,1072,536.0,690.1362184,1024,48,440191,88038.2,196165.5006,438949,15,0,0,0,0,72,132,6.812669749,13.6253395,0,4380,1163.3,1903.962654,3625073.789,0,0,0,1,0,0,0,0,2,1292.555556,8.666666667,1934.5,72,0,0,0,0,0,0,3,26,6,11607,8192,229,2,20,0.0,0.0,0,0,0.0,0.0,0,0,DDoS
80,7093229,5,0,30,0,6,6,6.0,0.0,0,0,0.0,0.0,4.229385517,0.704897586,1773307.25,3545418.533,7091435,176,7093229,1773307.25,3545418.533,7091435,176,0,0.0,0.0,0,0,0,0,0,0,100,0,0.704897586,0.0,6,6,6.0,0.0,0.0,0,0,0,0,1,0,0,0,0,7.2,6.0,0.0,100,0,0,0,0,0,0,5,30,0,0,256,-1,4,20,1794.0,0.0,1794,1794,7091435.0,0.0,7091435,7091435,DDoS
80,130586,3,6,26,11607,20,0,8.666666667,10.26320288,5840,0,1934.5,2538.919278,89083.05638,68.92009863,16323.25,45637.87602,129269,3,1115,557.5,719.1275965,1066,49,130398,26079.6,57686.23816,129269,3,0,0,0,0,72,132,22.97336621,45.94673242,0,5840,1163.3,2138.329153,4572451.567,0,0,0,1,0,0,0,0,2,1292.555556,8.666666667,1934.5,72,0,0,0,0,0,0,3,26,6,11607,8192,229,2,20,0.0,0.0,0,0,0.0,0.0,0,0,DDoS
80,7040809,4,0,24,0,6,6,6.0,0.0,0,0,0.0,0.0,3.408699199,0.568116533,2346936.333,4064295.905,7039981,264,7040809,2346936.333,4064295.905,7039981,264,0,0.0,0.0,0,0,0,0,0,0,80,0,0.568116533,0.0,6,6,6.0,0.0,0.0,0,0,0,0,1,0,0,0,0,7.5,6.0,0.0,80,0,0,0,0,0,0,4,24,0,0,256,-1,3,20,828.0,0.0,828,828,7039981.0,0.0,7039981,7039981,DDoS
80,99076,3,6,26,11607,20,0,8.666666667,10.26320288,4380,0,1934.5,2177.344966,117414.9138,90.83935565,12384.5,34522.91902,97820,2,1124,562.0,789.1311678,1120,4,98987,19797.4,43618.46512,97820,2,0,0,0,0,72,132,30.27978522,60.55957043,0,4380,1163.3,1903.962654,3625073.789,0,0,0,1,0,0,0,0,2,1292.555556,8.666666667,1934.5,72,0,0,0,0,0,0,3,26,6,11607,8192,229,2,20,0.0,0.0,0,0,0.0,0.0,0,0,DDoS
80,7010466,4,0,24,0,6,6,6.0,0.0,0,0,0.0,0.0,3.423452877,0.57057548,2336822.0,4047002.53,7009898,253,7010466,2336822.0,4047002.53,7009898,253,0,0.0,0.0,0,0,0,0,0,0,80,0,0.57057548,0.0,6,6,6.0,0.0,0.0,0,0,0,0,1,0,0,0,0,7.5,6.0,0.0,80,0,0,0,0,0,0,4,24,0,0,256,-1,3,20,568.0,0.0,568,568,7009898.0,0.0,7009898,7009898,DDoS
80,99854,3,5,26,11607,20,0,8.666666667,10.26320288,7215,0,2321.4,3327.769794,116500.0901,80.11697078,14264.85714,37199.09209,98622,3,992,496.0,540.2295808,878,114,99808,24952.0,49115.3805,98622,3,0,0,0,0,72,112,30.04386404,50.07310674,0,7215,1292.555556,2650.585648,7025604.278,0,0,0,1,0,0,0,0,1,1454.125,8.666666667,2321.4,72,0,0,0,0,0,0,3,26,5,11607,8192,229,2,20,0.0,0.0,0,0,0.0,0.0,0,0,DDoS
80,7007965,4,0,24,0,6,6,6.0,0.0,0,0,0.0,0.0,3.424674638,0.570779106,2335988.333,4045465.912,7007290,329,7007965,2335988.333,4045465.912,7007290,329,0,0.0,0.0,0,0,0,0,0,0,80,0,0.570779106,0.0,6,6,6.0,0.0,0.0,0,0,0,0,1,0,0,0,0,7.5,6.0,0.0,80,0,0,0,0,0,0,4,24,0,0,256,-1,3,20,675.0,0.0,675,675,7007290.0,0.0,7007290,7007290,DDoS
80,99343,3,6,26,11607,20,0,8.666666667,10.26320288,4380,0,1934.5,2177.344966,117099.3427,90.59521053,12417.875,34666.27137,98211,2,986,493.0,305.4701295,709,277,99257,19851.4,43806.3046,98211,2,0,0,0,0,72,132,30.19840351,60.39680702,0,4380,1163.3,1903.962654,3625073.789,0,0,0,1,0,0,0,0,2,1292.555556,8.666666667,1934.5,72,0,0,0,0,0,0,3,26,6,11607,8192,229,2,20,0.0,0.0,0,0,0.0,0.0,0,0,DDoS
80,7006987,4,0,24,0,6,6,6.0,0.0,0,0,0.0,0.0,3.425152637,0.570858773,2335662.333,4044862.293,7006267,290,7006987,2335662.333,4044862.293,7006267,290,0,0.0,0.0,0,0,0,0,0,0,80,0,0.570858773,0.0,6,6,6.0,0.0,0.0,0,0,0,0,1,0,0,0,0,7.5,6.0,0.0,80,0,0,0,0,0,0,4,24,0,0,256,-1,3,20,720.0,0.0,720,720,7006267.0,0.0,7006267,7006267,DDoS
80,101190,3,5,26,11607,20,0,8.666666667,10.26320288,7215,0,2321.4,3327.769794,114961.9528,79.05919557,14455.71429,37858.15827,100309,4,653,326.5,456.0838739,649,4,101064,25266.0,50029.28261,100309,4,0,0,0,0,72,112,29.64719834,49.41199723,0,7215,1292.555556,2650.585648,7025604.278,0,0,0,1,0,0,0,0,1,1454.125,8.666666667,2321.4,72,0,0,0,0,0,0,3,26,5,11607,8192,229,2,20,0.0,0.0,0,0,0.0,0.0,0,0,DDoS
80,7003621,4,0,24,0,6,6,6.0,0.0,0,0,0.0,0.0,3.426798795,0.571133132,2334540.333,4043036.711,7003037,273,7003621,2334540.333,4043036.711,7003037,273,0,0.0,0.0,0,0,0,0,0,0,80,0,0.571133132,0.0,6,6,6.0,0.0,0.0,0,0,0,0,1,0,0,0,0,7.5,6.0,0.0,80,0,0,0,0,0,0,4,24,0,0,256,-1,3,20,584.0,0.0,584,584,7003037.0,0.0,7003037,7003037,DDoS
80,99737,3,5,26,11607,20,0,8.666666667,10.26320288,7215,0,2321.4,3327.769794,116636.7547,80.21095481,14248.14286,37266.25114,98758,4,754,377.0,527.5016588,750,4,99719,24929.75,49220.03293,98758,4,0,0,0,0,72,112,30.07910805,50.13184676,0,7215,1292.555556,2650.585648,7025604.278,0,0,0,1,0,0,0,0,1,1454.125,8.666666667,2321.4,72,0,0,0,0,0,0,3,26,5,11607,8192,229,2,20,0.0,0.0,0,0,0.0,0.0,0,0,DDoS
80,7001059,4,0,24,0,6,6,6.0,0.0,0,0,0.0,0.0,3.428052813,0.571342136,2333686.333,4041435.43,7000334,318,7001059,2333686.333,4041435.43,7000334,318,0,0.0,0.0,0,0,0,0,0,0,80,0,0.571342136,0.0,6,6,6.0,0.0,0.0,0,0,0,0,1,0,0,0,0,7.5,6.0,0.0,80,0,0,0,0,0,0,4,24,0,0,256,-1,3,20,725.0,0.0,725,725,7000334.0,0.0,7000334,7000334,DDoS
80,100287,3,6,26,11607,20,0,8.666666667,10.26320288,5840,0,1934.5,2538.919278,115997.0884,89.7424392,12535.875,35089.36317,99376,2,761,380.5,409.4148263,670,91,100268,20053.6,44343.78655,99376,2,0,0,0,0,72,132,29.9141464,59.8282928,0,5840,1163.3,2138.329153,4572451.567,0,0,0,1,0,0,0,0,2,1292.555556,8.666666667,1934.5,72,0,0,0,0,0,0,3,26,6,11607,8192,229,2,20,0.0,0.0,0,0,0.0,0.0,0,0,DDoS
80,6999281,4,0,24,0,6,6,6.0,0.0,0,0,0.0,0.0,3.428923628,0.571487271,2333093.667,4040369.93,6998511,345,6999281,2333093.667,4040369.93,6998511,345,0,0.0,0.0,0,0,0,0,0,0,80,0,0.571487271,0.0,6,6,6.0,0.0,0.0,0,0,0,0,1,0,0,0,0,7.5,6.0,0.0,80,0,0,0,0,0,0,4,24,0,0,256,-1,3,20,770.0,0.0,770,770,6998511.0,0.0,6998511,6998511,DDoS
80,101436,3,6,26,11607,20,0,8.666666667,10.26320288,5840,0,1934.5,2538.919278,114683.15,88.72589613,12679.5,35484.53747,100497,3,776,388.0,544.4722215,773,3,101417,20283.4,44842.05897,100497,3,0,0,0,0,72,132,29.57529871,59.15059742,0,5840,1163.3,2138.329153,4572451.567,0,0,0,1,0,0,0,0,2,1292.555556,8.666666667,1934.5,72,0,0,0,0,0,0,3,26,6,11607,8192,229,2,20,0.0,0.0,0,0,0.0,0.0,0,0,DDoS
80,6996959,4,0,24,0,6,6,6.0,0.0,0,0,0.0,0.0,3.430061545,0.571676924,2332319.667,4038954.846,6996103,331,6996959,2332319.667,4038954.846,6996103,331,0,0.0,0.0,0,0,0,0,0,0,80,0,0.571676924,0.0,6,6,6.0,0.0,0.0,0,0,0,0,1,0,0,0,0,7.5,6.0,0.0,80,0,0,0,0,0,0,4,24,0,0,256,-1,3,20,856.0,0.0,856,856,6996103.0,0.0,6996103,6996103,DDoS
80,85845,3,6,26,11607,20,0,8.666666667,10.26320288,5840,0,1934.5,2538.919278,135511.678,104.8401188,10730.625,29899.38078,84724,3,959,479.5,673.8727625,956,3,85791,17158.2,37772.60478,84724,3,0,0,0,0,72,132,34.94670627,69.89341255,0,5840,1163.3,2138.329153,4572451.567,0,0,0,1,0,0,0,0,2,1292.555556,8.666666667,1934.5,72,0,0,0,0,0,0,3,26,6,11607,8192,229,2,20,0.0,0.0,0,0,0.0,0.0,0,0,DDoS
80,6993630,4,0,24,0,6,6,6.0,0.0,0,0,0.0,0.0,3.43169427,0.571949045,2331210.0,4037200.854,6992968,328,6993630,2331210.0,4037200.854,6992968,328,0,0.0,0.0,0,0,0,0,0,0,80,0,0.571949045,0.0,6,6,6.0,0.0,0.0,0,0,0,0,1,0,0,0,0,7.5,6.0,0.0,80,0,0,0,0,0,0,4,24,0,0,256,-1,3,20,662.0,0.0,662,662,6992968.0,0.0,6992968,6992968,DDoS
80,500825,3,6,26,11607,20,0,8.666666667,10.26320288,5840,0,1934.5,2538.919278,23227.67434,17.97034892,62603.125,176295.563,498911,3,1536,768.0,1081.873375,1533,3,500641,100128.2,222927.1318,498911,47,0,0,0,0,72,132,5.990116308,11.98023262,0,5840,1163.3,2138.329153,4572451.567,0,0,0,1,0,0,0,0,2,1292.555556,8.666666667,1934.5,72,0,0,0,0,0,0,3,26,6,11607,8192,229,2,20,0.0,0.0,0,0,0.0,0.0,0,0,DDoS
80,6523113,4,0,24,0,6,6,6.0,0.0,0,0,0.0,0.0,3.679224934,0.613204156,2174371.0,3765423.034,6522307,232,6523113,2174371.0,3765423.034,6522307,232,0,0.0,0.0,0,0,0,0,0,0,80,0,0.613204156,0.0,6,6,6.0,0.0,0.0,0,0,0,0,1,0,0,0,0,7.5,6.0,0.0,80,0,0,0,0,0,0,4,24,0,0,256,-1,3,20,806.0,0.0,806,806,6522307.0,0.0,6522307,6522307,DDoS
80,906698,3,6,26,11607,20,0,8.666666667,10.26320288,5840,0,1934.5,2538.919278,12830.07131,9.926127553,113337.25,320035.7366,905385,3,924,462.0,647.7098116,920,4,906610,181322.0,404763.6933,905385,3,0,0,0,0,72,132,3.308709184,6.617418369,0,5840,1163.3,2138.329153,4572451.567,0,0,0,1,0,0,0,0,2,1292.555556,8.666666667,1934.5,72,0,0,0,0,0,0,3,26,6,11607,8192,229,2,20,0.0,0.0,0,0,0.0,0.0,0,0,DDoS
80,6088411,5,0,30,0,6,6,6.0,0.0,0,0,0.0,0.0,4.927394028,0.821232338,1522102.75,3043017.519,6086629,200,6088411,1522102.75,3043017.519,6086629,200,0,0.0,0.0,0,0,0,0,0,0,100,0,0.821232338,0.0,6,6,6.0,0.0,0.0,0,0,0,0,1,0,0,0,0,7.2,6.0,0.0,100,0,0,0,0,0,0,5,30,0,0,256,-1,4,20,1782.0,0.0,1782,1782,6086629.0,0.0,6086629,6086629,DDoS
80,904862,3,6,26,11607,20,0,8.666666667,10.26320288,5755,0,1934.5,2529.124572,12856.10402,9.94626805,113107.75,319460.928,903733,3,785,392.5,550.8361825,782,3,904794,180958.8,404043.1868,903733,15,0,0,0,0,72,132,3.315422683,6.630845366,0,5755,1163.3,2131.87096,4544873.789,0,0,0,1,0,0,0,0,2,1292.555556,8.666666667,1934.5,72,0,0,0,0,0,0,3,26,6,11607,8192,229,2,20,0.0,0.0,0,0,0.0,0.0,0,0,DDoS
80,6087669,5,0,30,0,6,6,6.0,0.0,0,0,0.0,0.0,4.927994607,0.821332434,1521917.25,3043049.835,6086492,278,6087669,1521917.25,3043049.835,6086492,278,0,0.0,0.0,0,0,0,0,0,0,100,0,0.821332434,0.0,6,6,6.0,0.0,0.0,0,0,0,0,1,0,0,0,0,7.2,6.0,0.0,100,0,0,0,0,0,0,5,30,0,0,256,-1,4,20,1177.0,0.0,1177,1177,6086492.0,0.0,6086492,6086492,DDoS
80,906939,3,5,26,11607,20,0,8.666666667,10.26320288,10135,0,2321.4,4413.201989,12826.66199,8.820879905,129562.7143,341796.1677,904682,3,2004,1002.0,1363.301874,1966,38,906879,226719.75,451975.7276,904682,3,0,0,0,0,72,112,3.307829964,5.513049941,0,10135,1292.555556,3350.634907,11200000.0,0,0,0,1,0,0,0,0,1,1454.125,8.666666667,2321.4,72,0,0,0,0,0,0,3,26,5,11607,8192,229,2,20,0.0,0.0,0,0,0.0,0.0,0,0,DDoS
80,6084954,4,0,24,0,6,6,6.0,0.0,0,0,0.0,0.0,3.944154713,0.657359119,2028318.0,3512569.594,6084284,246,6084954,2028318.0,3512569.594,6084284,246,0,0.0,0.0,0,0,0,0,0,0,80,0,0.657359119,0.0,6,6,6.0,0.0,0.0,0,0,0,0,1,0,0,0,0,7.5,6.0,0.0,80,0,0,0,0,0,0,4,24,0,0,256,-1,3,20,670.0,0.0,670,670,6084284.0,0.0,6084284,6084284,DDoS
80,916317,3,6,26,11607,20,0,8.666666667,10.26320288,5840,0,1934.5,2538.919278,12695.38817,9.821928437,114539.625,322729.2342,913251,14,2735,1367.5,1675.135965,2552,183,916264,183252.8,408083.0482,913251,14,0,0,0,0,72,132,3.273976146,6.547952292,0,5840,1163.3,2138.329153,4572451.567,0,0,0,1,0,0,0,0,2,1292.555556,8.666666667,1934.5,72,0,0,0,0,0,0,3,26,6,11607,8192,229,2,20,0.0,0.0,0,0,0.0,0.0,0,0,DDoS
80,6072504,4,0,24,0,6,6,6.0,0.0,0,0,0.0,0.0,3.952241118,0.658706853,2024168.0,3505341.747,6071788,232,6072504,2024168.0,3505341.747,6071788,232,0,0.0,0.0,0,0,0,0,0,0,80,0,0.658706853,0.0,6,6,6.0,0.0,0.0,0,0,0,0,1,0,0,0,0,7.5,6.0,0.0,80,0,0,0,0,0,0,4,24,0,0,256,-1,3,20,716.0,0.0,716,716,6071788.0,0.0,6071788,6071788,DDoS
80,915747,3,5,26,11607,20,0,8.666666667,10.26320288,7215,0,2321.4,3327.769794,12703.29032,8.736037355,130821.0,345608.3921,914587,4,952,476.0,350.7249635,724,228,915686,228921.5,457110.5169,914587,4,0,0,0,0,72,112,3.276014008,5.460023347,0,7215,1292.555556,2650.585648,7025604.278,0,0,0,1,0,0,0,0,1,1454.125,8.666666667,2321.4,72,0,0,0,0,0,0,3,26,5,11607,8192,229,2,20,0.0,0.0,0,0,0.0,0.0,0,0,DDoS
80,6071099,4,0,24,0,6,6,6.0,0.0,0,0,0.0,0.0,3.953155763,0.658859294,2023699.667,3504505.453,6070354,325,6071099,2023699.667,3504505.453,6070354,325,0,0.0,0.0,0,0,0,0,0,0,80,0,0.658859294,0.0,6,6,6.0,0.0,0.0,0,0,0,0,1,0,0,0,0,7.5,6.0,0.0,80,0,0,0,0,0,0,4,24,0,0,256,-1,3,20,745.0,0.0,745,745,6070354.0,0.0,6070354,6070354,DDoS
80,916020,3,6,26,11607,20,0,8.666666667,10.26320288,5840,0,1934.5,2538.919278,12699.50438,9.825112989,114502.5,323495.9807,915114,3,744,372.0,521.8448045,741,3,915974,183194.8,409155.3919,915114,3,0,0,0,0,72,132,3.275037663,6.550075326,0,5840,1163.3,2138.329153,4572451.567,0,0,0,1,0,0,0,0,2,1292.555556,8.666666667,1934.5,72,0,0,0,0,0,0,3,26,6,11607,8192,229,2,20,0.0,0.0,0,0,0.0,0.0,0,0,DDoS
80,6077709,4,0,24,0,6,6,6.0,0.0,0,0,0.0,0.0,3.948856387,0.658142731,2025903.0,3508391.02,6077044,301,6077709,2025903.0,3508391.02,6077044,301,0,0.0,0.0,0,0,0,0,0,0,80,0,0.658142731,0.0,6,6,6.0,0.0,0.0,0,0,0,0,1,0,0,0,0,7.5,6.0,0.0,80,0,0,0,0,0,0,4,24,0,0,256,-1,3,20,665.0,0.0,665,665,6077044.0,0.0,6077044,6077044,DDoS
80,915826,3,6,26,11607,20,0,8.666666667,10.26320288,5840,0,1934.5,2538.919278,12702.19452,9.827194249,114478.25,323410.8252,914879,3,771,385.5,521.1376977,754,17,915774,183154.8,409046.3968,914879,3,0,0,0,0,72,132,3.275731416,6.551462832,0,5840,1163.3,2138.329153,4572451.567,0,0,0,1,0,0,0,0,2,1292.555556,8.666666667,1934.5,72,0,0,0,0,0,0,3,26,6,11607,8192,229,2,20,0.0,0.0,0,0,0.0,0.0,0,0,DDoS
80,6066574,4,0,24,0,6,6,6.0,0.0,0,0,0.0,0.0,3.956104384,0.659350731,2022191.333,3501531.817,6065412,373,6066574,2022191.333,3501531.817,6065412,373,0,0.0,0.0,0,0,0,0,0,0,80,0,0.659350731,0.0,6,6,6.0,0.0,0.0,0,0,0,0,1,0,0,0,0,7.5,6.0,0.0,80,0,0,0,0,0,0,4,24,0,0,256,-1,3,20,1162.0,0.0,1162,1162,6065412.0,0.0,6065412,6065412,DDoS
80,912720,3,5,26,11607,20,0,8.666666667,10.26320288,7300,0,2321.4,3346.363967,12745.42028,8.76501008,130388.5714,344574.9989,911811,3,791,395.5,532.4514062,772,19,912674,228168.5,455761.819,911811,3,0,0,0,0,72,112,3.28687878,5.4781313,0,7300,1292.555556,2662.264877,7087654.278,0,0,0,1,0,0,0,0,1,1454.125,8.666666667,2321.4,72,0,0,0,0,0,0,3,26,5,11607,8192,229,2,20,0.0,0.0,0,0,0.0,0.0,0,0,DDoS
80,6067515,4,0,24,0,6,6,6.0,0.0,0,0,0.0,0.0,3.955490839,0.659248473,2022505.0,3502586.053,6066943,225,6067515,2022505.0,3502586.053,6066943,225,0,0.0,0.0,0,0,0,0,0,0,80,0,0.659248473,0.0,6,6,6.0,0.0,0.0,0,0,0,0,1,0,0,0,0,7.5,6.0,0.0,80,0,0,0,0,0,0,4,24,0,0,256,-1,3,20,572.0,0.0,572,572,6066943.0,0.0,6066943,6066943,DDoS
80,446543,3,5,26,11607,20,0,8.666666667,10.26320288,10135,0,2321.4,4413.201989,26051.24255,17.91540792,63791.85714,168200.053,445233,3,1034,517.0,726.9057711,1031,3,446449,111612.25,222414.2697,445233,5,0,0,0,0,72,112,6.718277971,11.19712995,0,10135,1292.555556,3350.634907,11200000.0,0,0,0,1,0,0,0,0,1,1454.125,8.666666667,2321.4,72,0,0,0,0,0,0,3,26,5,11607,8192,229,2,20,0.0,0.0,0,0,0.0,0.0,0,0,DDoS
80,6062903,4,0,24,0,6,6,6.0,0.0,0,0,0.0,0.0,3.958499748,0.659749958,2020967.667,3499552.689,6061903,1,6062903,2020967.667,3499552.689,6061903,1,0,0.0,0.0,0,0,0,0,0,0,80,0,0.659749958,0.0,6,6,6.0,0.0,0.0,0,0,0,0,1,0,0,0,0,7.5,6.0,0.0,80,0,0,0,0,0,0,4,24,0,0,256,-1,3,20,1000.0,0.0,1000,1000,6061903.0,0.0,6061903,6061903,DDoS
80,14457,3,5,26,11607,20,0,8.666666667,10.26320288,7215,0,2321.4,3327.769794,804662.1014,553.3651518,2065.285714,5015.481523,13429,3,786,393.0,486.4894655,737,49,14350,3587.5,6568.112337,13429,3,0,0,0,0,72,112,207.5119319,345.8532199,0,7215,1292.555556,2650.585648,7025604.278,0,0,0,1,0,0,0,0,1,1454.125,8.666666667,2321.4,72,0,0,0,0,0,0,3,26,5,11607,8192,229,2,20,0.0,0.0,0,0,0.0,0.0,0,0,DDoS
80,37277,3,6,26,11607,20,0,8.666666667,10.26320288,4380,0,1934.5,2177.344966,312069.1043,241.4357379,4659.625,12773.44354,36267,3,942,471.0,429.920923,775,167,37214,7442.8,16159.24426,36343,3,0,0,0,0,72,132,80.47857928,160.9571586,0,4380,1163.3,1903.962654,3625073.789,0,0,0,1,0,0,0,0,2,1292.555556,8.666666667,1934.5,72,0,0,0,0,0,0,3,26,6,11607,8192,229,2,20,0.0,0.0,0,0,0.0,0.0,0,0,DDoS
80,6044025,4,0,24,0,6,6,6.0,0.0,0,0,0.0,0.0,3.970863787,0.661810631,2014675.0,3488654.337,6043026,1,6044025,2014675.0,3488654.337,6043026,1,0,0.0,0.0,0,0,0,0,0,0,80,0,0.661810631,0.0,6,6,6.0,0.0,0.0,0,0,0,0,1,0,0,0,0,7.5,6.0,0.0,80,0,0,0,0,0,0,4,24,0,0,256,-1,3,20,999.0,0.0,999,999,6043026.0,0.0,6043026,6043026,DDoS
80,36129,3,4,26,11607,20,0,8.666666667,10.26320288,11595,0,2901.75,5795.50069,321985.1089,193.750173,6021.5,13874.06403,34321,4,1410,705.0,991.3637072,1406,4,36112,12037.33333,19305.34771,34321,371,0,0,0,0,72,92,83.03578842,110.7143846,0,11595,1454.125,4097.537534,16800000.0,0,0,0,1,0,0,0,0,1,1661.857143,8.666666667,2901.75,72,0,0,0,0,0,0,3,26,4,11607,8192,229,2,20,0.0,0.0,0,0,0.0,0.0,0,0,DDoS
80,6033004,6,0,36,0,6,6,6.0,0.0,0,0,0.0,0.0,5.967176551,0.994529425,1206600.8,2696652.872,6030520,191,6033004,1206600.8,2696652.872,6030520,191,0,0.0,0.0,0,0,0,0,0,0,120,0,0.994529425,0.0,6,6,6.0,0.0,0.0,0,0,0,0,1,0,0,0,0,7.0,6.0,0.0,120,0,0,0,0,0,0,6,36,0,0,256,-1,5,20,2484.0,0.0,2484,2484,6030520.0,0.0,6030520,6030520,DDoS
80,21958,3,4,26,11601,20,0,8.666666667,10.26320288,8760,0,2900.25,4128.319301,529510.8844,318.7904181,3659.666667,7883.064878,19705,62,19922,9961.0,13867.77819,19767,155,21896,7298.666667,10960.50137,19933,339,0,0,0,0,72,92,136.6244649,182.1659532,0,8760,1453.375,3113.952607,9696700.839,0,0,0,1,0,0,0,0,1,1661.0,8.666666667,2900.25,72,0,0,0,0,0,0,3,26,4,11601,8192,229,2,20,0.0,0.0,0,0,0.0,0.0,0,0,DDoS
80,6037912,5,0,30,0,6,6,6.0,0.0,0,0,0.0,0.0,4.968605041,0.82810084,1509478.0,3016285.59,6033906,3,6037912,1509478.0,3016285.59,6033906,3,0,0.0,0.0,0,0,0,0,0,0,100,0,0.82810084,0.0,6,6,6.0,0.0,0.0,0,0,0,0,1,0,0,0,0,7.2,6.0,0.0,100,0,0,0,0,0,0,5,30,0,0,256,-1,4,20,4006.0,0.0,4006,4006,6033906.0,0.0,6033906,6033906,DDoS
80,20840,3,4,26,11601,20,0,8.666666667,10.26320288,8760,0,2900.25,4128.319301,557917.4664,335.8925144,3473.333333,7525.400419,18787,29,18960,9480.0,13203.09782,18816,144,20811,6937.0,10492.45734,19026,197,0,0,0,0,72,92,143.9539347,191.9385797,0,8760,1453.375,3113.952607,9696700.839,0,0,0,1,0,0,0,0,1,1661.0,8.666666667,2900.25,72,0,0,0,0,0,0,3,26,4,11601,8192,229,2,20,0.0,0.0,0,0,0.0,0.0,0,0,DDoS
80,6033843,5,0,30,0,6,6,6.0,0.0,0,0,0.0,0.0,4.971955684,0.828659281,1508460.75,3014921.611,6030843,1,6033843,1508460.75,3014921.611,6030843,1,0,0.0,0.0,0,0,0,0,0,0,100,0,0.828659281,0.0,6,6,6.0,0.0,0.0,0,0,0,0,1,0,0,0,0,7.2,6.0,0.0,100,0,0,0,0,0,0,5,30,0,0,256,-1,4,20,3000.0,0.0,3000,3000,6030843.0,0.0,6030843,6030843,DDoS
80,19373,3,5,26,11601,20,0,8.666666667,10.26320288,7300,0,2320.2,3022.508098,600165.1783,412.9458525,2767.571429,6238.381517,16853,50,17035,8517.5,11858.88783,16903,132,19323,4830.75,8168.903532,17043,202,0,0,0,0,72,112,154.8546947,258.0911578,0,7300,1291.888889,2460.652985,6054813.111,0,0,0,1,0,0,0,0,1,1453.375,8.666666667,2320.2,72,0,0,0,0,0,0,3,26,5,11601,8192,229,2,20,0.0,0.0,0,0,0.0,0.0,0,0,DDoS
80,6036893,4,0,24,0,6,6,6.0,0.0,0,0,0.0,0.0,3.975554975,0.662592496,2012297.667,3482091.508,6033070,1,6036893,2012297.667,3482091.508,6033070,1,0,0.0,0.0,0,0,0,0,0,0,80,0,0.662592496,0.0,6,6,6.0,0.0,0.0,0,0,0,0,1,0,0,0,0,7.5,6.0,0.0,80,0,0,0,0,0,0,4,24,0,0,256,-1,3,20,3823.0,0.0,3823,3823,6033070.0,0.0,6033070,6033070,DDoS
80,16816,3,4,26,11601,20,0,8.666666667,10.26320288,10135,0,2900.25,4871.82583,691424.8335,416.2702188,2802.666667,5889.273119,14763,15,14966,7483.0,10316.68794,14778,188,16801,5600.333333,8191.142798,15024,188,0,0,0,0,72,92,178.4015224,237.8686965,0,10135,1453.375,3544.652026,12600000.0,0,0,0,1,0,0,0,0,1,1661.0,8.666666667,2900.25,72,0,0,0,0,0,0,3,26,4,11601,8192,229,2,20,0.0,0.0,0,0,0.0,0.0,0,0,DDoS
80,6036872,4,0,24,0,6,6,6.0,0.0,0,0,0.0,0.0,3.975568805,0.662594801,2012290.667,3484522.818,6035871,3,6036872,2012290.667,3484522.818,6035871,3,0,0.0,0.0,0,0,0,0,0,0,80,0,0.662594801,0.0,6,6,6.0,0.0,0.0,0,0,0,0,1,0,0,0,0,7.5,6.0,0.0,80,0,0,0,0,0,0,4,24,0,0,256,-1,3,20,1001.0,0.0,1001,1001,6035871.0,0.0,6035871,6035871,DDoS
80,16392,3,4,26,11601,20,0,8.666666667,10.26320288,8760,0,2900.25,4128.319301,709309.4192,427.0375793,2732.0,5489.226576,13821,6,14063,7031.5,9610.288263,13827,236,16386,5462.0,7556.692332,14119,187,0,0,0,0,72,92,183.0161054,244.0214739,0,8760,1453.375,3113.952607,9696700.839,0,0,0,1,0,0,0,0,1,1661.0,8.666666667,2900.25,72,0,0,0,0,0,0,3,26,4,11601,8192,229,2,20,0.0,0.0,0,0,0.0,0.0,0,0,DDoS
80,6033036,5,0,30,0,6,6,6.0,0.0,0,0,0.0,0.0,4.97262075,0.828770125,1508259.0,3015519.346,6031538,231,6033036,1508259.0,3015519.346,6031538,231,0,0.0,0.0,0,0,0,0,0,0,100,0,0.828770125,0.0,6,6,6.0,0.0,0.0,0,0,0,0,1,0,0,0,0,7.2,6.0,0.0,100,0,0,0,0,0,0,5,30,0,0,256,-1,4,20,1498.0,0.0,1498,1498,6031538.0,0.0,6031538,6031538,DDoS
80,7357,3,5,26,11601,20,0,8.666666667,10.26320288,5840,0,2320.2,2436.833027,1580399.619,1087.399755,1051.0,1809.361674,4883,55,5070,2535.0,3398.35519,4938,132,7302,1825.5,2303.837451,5074,181,0,0,0,0,72,112,407.7749083,679.6248471,0,5840,1291.888889,2110.95076,4456113.111,0,0,0,1,0,0,0,0,1,1453.375,8.666666667,2320.2,72,0,0,0,0,0,0,3,26,5,11601,8192,229,2,20,0.0,0.0,0,0,0.0,0.0,0,0,DDoS
80,6028764,5,0,30,0,6,6,6.0,0.0,0,0,0.0,0.0,4.976144364,0.829357394,1507191.0,3012639.418,6026150,312,6028764,1507191.0,3012639.418,6026150,312,0,0.0,0.0,0,0,0,0,0,0,100,0,0.829357394,0.0,6,6,6.0,0.0,0.0,0,0,0,0,1,0,0,0,0,7.2,6.0,0.0,100,0,0,0,0,0,0,5,30,0,0,256,-1,4,20,2614.0,0.0,2614,2614,6026150.0,0.0,6026150,6026150,DDoS
80,6110,3,6,26,11601,20,0,8.666666667,10.26320288,5840,0,1933.5,2189.772933,1902945.99,1472.99509,763.75,1861.891953,5370,46,5593,2796.5,3761.100969,5456,137,6024,1204.8,2451.09194,5588,46,0,0,0,0,72,132,490.9983633,981.9967267,0,5840,1162.7,1911.59573,3654198.233,0,0,0,1,0,0,0,0,2,1291.888889,8.666666667,1933.5,72,0,0,0,0,0,0,3,26,6,11601,8192,229,2,20,0.0,0.0,0,0,0.0,0.0,0,0,DDoS
80,6023754,4,0,24,0,6,6,6.0,0.0,0,0,0.0,0.0,3.984226447,0.664037741,2007918.0,3477147.443,6022982,1,6023754,2007918.0,3477147.443,6022982,1,0,0.0,0.0,0,0,0,0,0,0,80,0,0.664037741,0.0,6,6,6.0,0.0,0.0,0,0,0,0,1,0,0,0,0,7.5,6.0,0.0,80,0,0,0,0,0,0,4,24,0,0,256,-1,3,20,772.0,0.0,772,772,6022982.0,0.0,6022982,6022982,DDoS
80,4948,3,6,26,11601,20,0,8.666666667,10.26320288,4380,0,1933.5,1757.789948,2349838.319,1818.916734,618.5,1074.193385,2997,13,3136,1568.0,2105.763994,3057,79,4888,977.6,1369.828018,3186,13,0,0,0,0,72,132,606.305578,1212.611156,0,4380,1162.7,1645.241762,2706820.456,0,0,0,1,0,0,0,0,2,1291.888889,8.666666667,1933.5,72,0,0,0,0,0,0,3,26,6,11601,8192,229,2,20,0.0,0.0,0,0,0.0,0.0,0,0,DDoS
80,6029868,5,0,30,0,6,6,6.0,0.0,0,0,0.0,0.0,4.975233289,0.829205548,1507467.0,3013931.416,6028364,1,6029868,1507467.0,3013931.416,6028364,1,0,0.0,0.0,0,0,0,0,0,0,100,0,0.829205548,0.0,6,6,6.0,0.0,0.0,0,0,0,0,1,0,0,0,0,7.2,6.0,0.0,100,0,0,0,0,0,0,5,30,0,0,256,-1,4,20,1504.0,0.0,1504,1504,6028364.0,0.0,6028364,6028364,DDoS
80,840069,3,6,26,11601,20,0,8.666666667,10.26320288,4380,0,1933.5,1757.789948,13840.52977,10.71340568,105008.625,295495.4513,836318,15,3437,1718.5,1982.020308,3120,317,840028,168005.6,373600.8429,836318,15,0,0,0,0,72,132,3.571135228,7.142270456,0,4380,1162.7,1645.241762,2706820.456,0,0,0,1,0,0,0,0,2,1291.888889,8.666666667,1933.5,72,0,0,0,0,0,0,3,26,6,11601,8192,229,2,20,0.0,0.0,0,0,0.0,0.0,0,0,DDoS
80,5183903,4,0,24,0,6,6,6.0,0.0,0,0,0.0,0.0,4.629716258,0.771619376,1727967.667,2992066.138,5182908,4,5183903,1727967.667,2992066.138,5182908,4,0,0.0,0.0,0,0,0,0,0,0,80,0,0.771619376,0.0,6,6,6.0,0.0,0.0,0,0,0,0,1,0,0,0,0,7.5,6.0,0.0,80,0,0,0,0,0,0,4,24,0,0,256,-1,3,20,995.0,0.0,995,995,5182908.0,0.0,5182908,5182908,DDoS
80,839391,3,6,26,11607,20,0,8.666666667,10.26320288,4380,0,1934.5,2177.344966,13858.8572,10.72205921,104923.875,295623.9927,836554,16,2478,1239.0,1278.44906,2143,335,839299,167859.8,373812.8782,836554,16,0,0,0,0,72,132,3.574019736,7.148039471,0,4380,1163.3,1903.962654,3625073.789,0,0,0,1,0,0,0,0,2,1292.555556,8.666666667,1934.5,72,0,0,0,0,0,0,3,26,6,11607,8192,229,2,20,0.0,0.0,0,0,0.0,0.0,0,0,DDoS
80,5181899,5,0,30,0,6,6,6.0,0.0,0,0,0.0,0.0,5.78938339,0.964897232,1295474.75,2590072.865,5180584,3,5181899,1295474.75,2590072.865,5180584,3,0,0.0,0.0,0,0,0,0,0,0,100,0,0.964897232,0.0,6,6,6.0,0.0,0.0,0,0,0,0,1,0,0,0,0,7.2,6.0,0.0,100,0,0,0,0,0,0,5,30,0,0,256,-1,4,20,1315.0,0.0,1315,1315,5180584.0,0.0,5180584,5180584,DDoS
80,869285,3,6,26,11607,20,0,8.666666667,10.26320288,5840,0,1934.5,2538.919278,13382.26243,10.35333636,108660.625,306117.2189,866260,14,2686,1343.0,1436.840979,2359,327,869103,173820.6,387086.9201,866260,14,0,0,0,0,72,132,3.451112121,6.902224242,0,5840,1163.3,2138.329153,4572451.567,0,0,0,1,0,0,0,0,2,1292.555556,8.666666667,1934.5,72,0,0,0,0,0,0,3,26,6,11607,8192,229,2,20,0.0,0.0,0,0,0.0,0.0,0,0,DDoS
80,5158948,4,0,24,0,6,6,6.0,0.0,0,0,0.0,0.0,4.652111244,0.775351874,1719649.333,2977945.843,5158285,260,5158948,1719649.333,2977945.843,5158285,260,0,0.0,0.0,0,0,0,0,0,0,80,0,0.775351874,0.0,6,6,6.0,0.0,0.0,0,0,0,0,1,0,0,0,0,7.5,6.0,0.0,80,0,0,0,0,0,0,4,24,0,0,256,-1,3,20,663.0,0.0,663,663,5158285.0,0.0,5158285,5158285,DDoS
80,859302,3,6,26,11607,20,0,8.666666667,10.26320288,4380,0,1934.5,2177.344966,13537.73179,10.47361696,107412.75,302866.9662,856969,16,2024,1012.0,985.706853,1709,315,859259,171851.8,382993.0931,856969,16,0,0,0,0,72,132,3.491205653,6.982411306,0,4380,1163.3,1903.962654,3625073.789,0,0,0,1,0,0,0,0,2,1292.555556,8.666666667,1934.5,72,0,0,0,0,0,0,3,26,6,11607,8192,229,2,20,0.0,0.0,0,0,0.0,0.0,0,0,DDoS
80,5167366,4,0,24,0,6,6,6.0,0.0,0,0,0.0,0.0,4.64453263,0.774088772,1722455.333,2982771.337,5166663,257,5167366,1722455.333,2982771.337,5166663,257,0,0.0,0.0,0,0,0,0,0,0,80,0,0.774088772,0.0,6,6,6.0,0.0,0.0,0,0,0,0,1,0,0,0,0,7.5,6.0,0.0,80,0,0,0,0,0,0,4,24,0,0,256,-1,3,20,703.0,0.0,703,703,5166663.0,0.0,5166663,5166663,DDoS
80,901576,3,6,26,11607,20,0,8.666666667,10.26320288,4380,0,1934.5,2177.344966,12902.96104,9.982519499,112697.0,318377.5621,900641,4,796,398.0,537.4011537,778,18,901570,180314.0,402675.1964,900641,4,0,0,0,0,72,132,3.3275065,6.655012999,0,4380,1163.3,1903.962654,3625073.789,0,0,0,1,0,0,0,0,2,1292.555556,8.666666667,1934.5,72,0,0,0,0,0,0,3,26,6,11607,8192,229,2,20,0.0,0.0,0,0,0.0,0.0,0,0,DDoS
80,5122415,4,0,24,0,6,6,6.0,0.0,0,0,0.0,0.0,4.685290044,0.780881674,1707471.667,2956905.466,5121812,246,5122415,1707471.667,2956905.466,5121812,246,0,0.0,0.0,0,0,0,0,0,0,80,0,0.780881674,0.0,6,6,6.0,0.0,0.0,0,0,0,0,1,0,0,0,0,7.5,6.0,0.0,80,0,0,0,0,0,0,4,24,0,0,256,-1,3,20,603.0,0.0,603,603,5121812.0,0.0,5121812,5121812,DDoS
80,901656,3,6,26,11607,20,0,8.666666667,10.26320288,4380,0,1934.5,2177.344966,12901.81621,9.981633794,112707.0,318442.564,900812,2,704,352.0,428.5067094,655,49,901578,180315.6,402769.8389,900812,2,0,0,0,0,72,132,3.327211265,6.654422529,0,4380,1163.3,1903.962654,3625073.789,0,0,0,1,0,0,0,0,2,1292.555556,8.666666667,1934.5,72,0,0,0,0,0,0,3,26,6,11607,8192,229,2,20,0.0,0.0,0,0,0.0,0.0,0,0,DDoS
80,5121655,4,0,24,0,6,6,6.0,0.0,0,0,0.0,0.0,4.685985292,0.780997549,1707218.333,2956395.666,5120970,306,5121655,1707218.333,2956395.666,5120970,306,0,0.0,0.0,0,0,0,0,0,0,80,0,0.780997549,0.0,6,6,6.0,0.0,0.0,0,0,0,0,1,0,0,0,0,7.5,6.0,0.0,80,0,0,0,0,0,0,4,24,0,0,256,-1,3,20,685.0,0.0,685,685,5120970.0,0.0,5120970,5120970,DDoS
80,900927,3,5,26,11607,20,0,8.666666667,10.26320288,5840,0,2321.4,3173.373883,12912.25593,8.879742754,128703.8571,340105.7325,899991,2,687,343.5,471.6402231,677,10,900877,225219.25,449847.9275,899991,2,0,0,0,0,72,112,3.329903533,5.549839221,0,5840,1292.555556,2554.159212,6523729.278,0,0,0,1,0,0,0,0,1,1454.125,8.666666667,2321.4,72,0,0,0,0,0,0,3,26,5,11607,8192,229,2,20,0.0,0.0,0,0,0.0,0.0,0,0,DDoS
80,5120676,4,0,24,0,6,6,6.0,0.0,0,0,0.0,0.0,4.686881185,0.781146864,1706892.0,2955852.957,5120017,284,5120676,1706892.0,2955852.957,5120017,284,0,0.0,0.0,0,0,0,0,0,0,80,0,0.781146864,0.0,6,6,6.0,0.0,0.0,0,0,0,0,1,0,0,0,0,7.5,6.0,0.0,80,0,0,0,0,0,0,4,24,0,0,256,-1,3,20,659.0,0.0,659,659,5120017.0,0.0,5120017,5120017,DDoS
80,899992,3,5,26,11607,20,0,8.666666667,10.26320288,7215,0,2321.4,3327.769794,12925.67045,8.888967902,128570.2857,339713.1449,898967,4,868,434.0,608.1118318,864,4,899948,224987.0,449320.1924,898967,4,0,0,0,0,72,112,3.333362963,5.555604939,0,7215,1292.555556,2650.585648,7025604.278,0,0,0,1,0,0,0,0,1,1454.125,8.666666667,2321.4,72,0,0,0,0,0,0,3,26,5,11607,8192,229,2,20,0.0,0.0,0,0,0.0,0.0,0,0,DDoS
80,5116470,4,0,24,0,6,6,6.0,0.0,0,0,0.0,0.0,4.690734041,0.781789007,1705490.0,2953436.746,5115825,278,5116470,1705490.0,2953436.746,5115825,278,0,0.0,0.0,0,0,0,0,0,0,80,0,0.781789007,0.0,6,6,6.0,0.0,0.0,0,0,0,0,1,0,0,0,0,7.5,6.0,0.0,80,0,0,0,0,0,0,4,24,0,0,256,-1,3,20,645.0,0.0,645,645,5115825.0,0.0,5115825,5115825,DDoS
80,898313,3,5,26,11607,20,0,8.666666667,10.26320288,10135,0,2321.4,4413.201989,12949.82929,8.905581907,128330.4286,339018.5799,897152,4,901,450.5,631.4463556,897,4,898266,224566.5,448390.5042,897152,5,0,0,0,0,72,112,3.339593215,5.565988692,0,10135,1292.555556,3350.634907,11200000.0,0,0,0,1,0,0,0,0,1,1454.125,8.666666667,2321.4,72,0,0,0,0,0,0,3,26,5,11607,8192,229,2,20,0.0,0.0,0,0,0.0,0.0,0,0,DDoS
80,5114543,4,0,24,0,6,6,6.0,0.0,0,0,0.0,0.0,4.692501363,0.782083561,1704847.667,2952130.202,5113674,388,5114543,1704847.667,2952130.202,5113674,388,0,0.0,0.0,0,0,0,0,0,0,80,0,0.782083561,0.0,6,6,6.0,0.0,0.0,0,0,0,0,1,0,0,0,0,7.5,6.0,0.0,80,0,0,0,0,0,0,4,24,0,0,256,-1,3,20,869.0,0.0,869,869,5113674.0,0.0,5113674,5113674,DDoS
80,500999,3,6,26,11607,20,0,8.666666667,10.26320288,4380,0,1934.5,2177.344966,23219.60722,17.96410771,62624.875,176680.4377,499886,2,970,485.0,681.6509371,967,3,500934,100186.8,223439.0317,499886,2,0,0,0,0,72,132,5.988035904,11.97607181,0,4380,1163.3,1903.962654,3625073.789,0,0,0,1,0,0,0,0,2,1292.555556,8.666666667,1934.5,72,0,0,0,0,0,0,3,26,6,11607,8192,229,2,20,0.0,0.0,0,0,0.0,0.0,0,0,DDoS
80,5035810,4,0,24,0,6,6,6.0,0.0,0,0,0.0,0.0,4.765866862,0.794311144,1678603.333,2906729.112,5035005,266,5035810,1678603.333,2906729.112,5035005,266,0,0.0,0.0,0,0,0,0,0,0,80,0,0.794311144,0.0,6,6,6.0,0.0,0.0,0,0,0,0,1,0,0,0,0,7.5,6.0,0.0,80,0,0,0,0,0,0,4,24,0,0,256,-1,3,20,805.0,0.0,805,805,5035005.0,0.0,5035005,5035005,DDoS
80,137228,3,6,26,11607,20,0,8.666666667,10.26320288,4380,0,1934.5,2177.344966,84771.32947,65.58428309,17153.5,48078.43517,136139,3,958,479.0,673.1656557,955,3,137199,27439.8,60766.15527,136139,3,0,0,0,0,72,132,21.8614277,43.72285539,0,4380,1163.3,1903.962654,3625073.789,0,0,0,1,0,0,0,0,2,1292.555556,8.666666667,1934.5,72,0,0,0,0,0,0,3,26,6,11607,8192,229,2,20,0.0,0.0,0,0,0.0,0.0,0,0,DDoS
80,5035408,4,0,24,0,6,6,6.0,0.0,0,0,0.0,0.0,4.766247343,0.794374557,1678469.333,2906535.985,5034648,334,5035408,1678469.333,2906535.985,5034648,334,0,0.0,0.0,0,0,0,0,0,0,80,0,0.794374557,0.0,6,6,6.0,0.0,0.0,0,0,0,0,1,0,0,0,0,7.5,6.0,0.0,80,0,0,0,0,0,0,4,24,0,0,256,-1,3,20,760.0,0.0,760,760,5034648.0,0.0,5034648,5034648,DDoS
80,139720,3,5,26,11607,20,0,8.666666667,10.26320288,7215,0,2321.4,3327.769794,83259.37589,57.25737189,19960.0,52327.65963,138626,3,867,433.5,608.8189386,864,3,139703,34925.75,69134.64283,138626,4,0,0,0,0,72,112,21.47151446,35.78585743,0,7215,1292.555556,2650.585648,7025604.278,0,0,0,1,0,0,0,0,1,1454.125,8.666666667,2321.4,72,0,0,0,0,0,0,3,26,5,11607,8192,229,2,20,0.0,0.0,0,0,0.0,0.0,0,0,DDoS
80,5030796,4,0,24,0,6,6,6.0,0.0,0,0,0.0,0.0,4.770616817,0.795102803,1676932.0,2903886.236,5030051,352,5030796,1676932.0,2903886.236,5030051,352,0,0.0,0.0,0,0,0,0,0,0,80,0,0.795102803,0.0,6,6,6.0,0.0,0.0,0,0,0,0,1,0,0,0,0,7.5,6.0,0.0,80,0,0,0,0,0,0,4,24,0,0,256,-1,3,20,745.0,0.0,745,745,5030051.0,0.0,5030051,5030051,DDoS
80,136196,3,6,26,11607,20,0,8.666666667,10.26320288,4380,0,1934.5,2177.344966,85413.66854,66.08123587,17024.5,47746.17081,135189,3,889,444.5,572.049386,849,40,136010,27202.0,60367.39872,135189,3,0,0,0,0,72,132,22.02707862,44.05415724,0,4380,1163.3,1903.962654,3625073.789,0,0,0,1,0,0,0,0,2,1292.555556,8.666666667,1934.5,72,0,0,0,0,0,0,3,26,6,11607,8192,229,2,20,0.0,0.0,0,0,0.0,0.0,0,0,DDoS
80,5012236,4,0,24,0,6,6,6.0,0.0,0,0,0.0,0.0,4.788282116,0.798047019,1670745.333,2893166.289,5011486,226,5012236,1670745.333,2893166.289,5011486,226,0,0.0,0.0,0,0,0,0,0,0,80,0,0.798047019,0.0,6,6,6.0,0.0,0.0,0,0,0,0,1,0,0,0,0,7.5,6.0,0.0,80,0,0,0,0,0,0,4,24,0,0,256,-1,3,20,750.0,0.0,750,750,5011486.0,0.0,5011486,5011486,DDoS
80,132606,3,6,26,11607,20,0,8.666666667,10.26320288,4380,0,1934.5,2177.344966,87726.04558,67.87023212,16575.75,46455.99542,131546,3,929,464.5,652.659559,926,3,132576,26515.2,58715.41337,131546,3,0,0,0,0,72,132,22.62341071,45.24682141,0,4380,1163.3,1903.962654,3625073.789,0,0,0,1,0,0,0,0,2,1292.555556,8.666666667,1934.5,72,0,0,0,0,0,0,3,26,6,11607,8192,229,2,20,0.0,0.0,0,0,0.0,0.0,0,0,DDoS
80,5010694,4,0,24,0,6,6,6.0,0.0,0,0,0.0,0.0,4.789755671,0.798292612,1670231.333,2892319.315,5009994,227,5010694,1670231.333,2892319.315,5009994,227,0,0.0,0.0,0,0,0,0,0,0,80,0,0.798292612,0.0,6,6,6.0,0.0,0.0,0,0,0,0,1,0,0,0,0,7.5,6.0,0.0,80,0,0,0,0,0,0,4,24,0,0,256,-1,3,20,700.0,0.0,700,700,5009994.0,0.0,5009994,5009994,DDoS
